date,country_imf,y_log_exports,pred_log_exports,residual,residual_z,gnn_anomaly
2023-01-01,Australia,21.652070999145508,21.761247634887695,-0.1091766357421875,-0.4395664185057575,False
2023-01-01,Belgium,22.030214309692383,21.777315139770508,0.252899169921875,2.8196863823252905,True
2023-01-01,Brazil,22.002050399780273,22.14015007019043,-0.13809967041015625,-1.3658846304465178,False
2023-01-01,Canada,24.03975486755371,24.08024787902832,-0.040493011474609375,-0.09863533061568833,False
2023-01-01,Chile,21.168498992919922,21.2103328704834,-0.04183387756347656,0.021565679296206775,False
2023-01-01,"China, People'S Republic Of",23.286670684814453,23.383398056030273,-0.09672737121582031,-0.6417887645454219,False
2023-01-01,Colombia,20.98756980895996,21.105466842651367,-0.11789703369140625,-0.21330678211447904,False
2023-01-01,Dominican Republic,20.73191261291504,20.88934898376465,-0.15743637084960938,-1.8753377364697454,False
2023-01-01,France,21.997512817382812,22.092870712280273,-0.09535789489746094,-0.41597673246690525,False
2023-01-01,Germany,22.59551429748535,22.533985137939453,0.06152915954589844,1.1365083418468025,False
2023-01-01,"Hong Kong Special Administrative Region, People'S Republic Of China",21.17583656311035,21.4311466217041,-0.25531005859375,-0.8499913185507619,False
2023-01-01,India,21.812776565551758,22.118366241455078,-0.3055896759033203,-1.9684725610496725,False
2023-01-01,Ireland,21.206022262573242,21.04015350341797,0.16586875915527344,2.3453836416288807,True
2023-01-01,Israel,20.87097930908203,20.936542510986328,-0.06556320190429688,-0.09853316809099631,False
2023-01-01,Italy,21.614229202270508,21.552579879760742,0.061649322509765625,0.744253203394423,False
2023-01-01,Japan,22.52228355407715,22.53944969177246,-0.0171661376953125,-0.08053615629572833,False
2023-01-01,"Korea, Republic Of",22.396190643310547,22.454692840576172,-0.058502197265625,-0.09173769099742267,False
2023-01-01,Malaysia,21.07840919494629,21.1571102142334,-0.07870101928710938,-0.17920001392385954,False
2023-01-01,Mexico,24.028778076171875,23.96967315673828,0.05910491943359375,2.3869028679533426,True
2023-01-01,Netherlands,22.48280143737793,22.64320945739746,-0.16040802001953125,-1.047401360632651,False
2023-01-01,Saudi Arabia,20.79709815979004,20.938434600830078,-0.14133644104003906,-0.22467545118370955,False
2023-01-01,Singapore,21.860965728759766,22.01536750793457,-0.1544017791748047,-0.7419510037062544,False
2023-01-01,Spain,21.29947280883789,21.5658016204834,-0.2663288116455078,-1.2917117849195572,False
2023-01-01,Switzerland,21.9305362701416,21.595539093017578,0.33499717712402344,1.113352547017988,False
2023-01-01,Taiwan Province Of China,21.812517166137695,22.06525230407715,-0.2527351379394531,-2.0036880695943595,True
2023-01-01,Thailand,20.83722686767578,21.071388244628906,-0.234161376953125,-1.1806298554459607,False
2023-01-01,"Turkiye, Republic Of",20.847475051879883,21.00143814086914,-0.1539630889892578,-0.7164468785571801,False
2023-01-01,United Arab Emirates,21.33097267150879,21.417804718017578,-0.08683204650878906,-0.6083790083813397,False
2023-01-01,United Kingdom,22.681798934936523,22.599287033081055,0.08251190185546875,0.8029529558172323,False
2023-01-01,Vietnam,20.516159057617188,20.566631317138672,-0.050472259521484375,-0.5020786510781159,False
2023-02-01,Australia,21.677888870239258,21.725269317626953,-0.04738044738769531,0.10875698581419364,False
2023-02-01,Belgium,21.902158737182617,21.91576385498047,-0.013605117797851562,0.4096673085740635,False
2023-02-01,Brazil,22.000322341918945,22.0446720123291,-0.04434967041015625,0.11942014151389697,False
2023-02-01,Canada,24.020437240600586,23.98249053955078,0.03794670104980469,1.1553974305869643,False
2023-02-01,Chile,21.033300399780273,21.18408203125,-0.15078163146972656,-0.882282143430992,False
2023-02-01,"China, People'S Republic Of",23.18985939025879,23.2510986328125,-0.06123924255371094,-0.3168952756636451,False
2023-02-01,Colombia,21.161144256591797,21.10132598876953,0.059818267822265625,1.4007028912935686,False
2023-02-01,Dominican Republic,20.75223731994629,20.89165496826172,-0.1394176483154297,-1.6083518518923712,False
2023-02-01,France,22.01058578491211,22.029382705688477,-0.018796920776367188,0.5194946152431029,False
2023-02-01,Germany,22.52094268798828,22.558324813842773,-0.03738212585449219,0.1032886013218574,False
2023-02-01,"Hong Kong Special Administrative Region, People'S Republic Of China",21.798498153686523,21.3294677734375,0.46903038024902344,1.8579752209612825,False
2023-02-01,India,21.818071365356445,21.88540267944336,-0.06733131408691406,-0.12695713435489853,False
2023-02-01,Ireland,21.041318893432617,21.118066787719727,-0.07674789428710938,0.022960074241852063,False
2023-02-01,Israel,20.731517791748047,20.936748504638672,-0.205230712890625,-1.0503633118794793,False
2023-02-01,Italy,21.525047302246094,21.617441177368164,-0.09239387512207031,-0.04806835483496379,False
2023-02-01,Japan,22.573081970214844,22.54789161682129,0.025190353393554688,0.5793435329846647,False
2023-02-01,"Korea, Republic Of",22.327058792114258,22.41068458557129,-0.08362579345703125,-0.3608247035665086,False
2023-02-01,Malaysia,21.035968780517578,21.125730514526367,-0.08976173400878906,-0.26821638977864803,False
2023-02-01,Mexico,23.941425323486328,23.956375122070312,-0.014949798583984375,0.8787177512864461,False
2023-02-01,Netherlands,22.51540756225586,22.61187744140625,-0.09646987915039062,-0.4440904020041772,False
2023-02-01,Saudi Arabia,20.4796199798584,20.877460479736328,-0.3978404998779297,-1.7774937945552443,False
2023-02-01,Singapore,21.957706451416016,21.905109405517578,0.0525970458984375,0.5661709044056968,False
2023-02-01,Spain,21.510547637939453,21.440601348876953,0.0699462890625,1.182227074942516,False
2023-02-01,Switzerland,21.640674591064453,21.74915885925293,-0.10848426818847656,-0.10903892026308153,False
2023-02-01,Taiwan Province Of China,21.864604949951172,21.91399574279785,-0.04939079284667969,-0.24019345494936128,False
2023-02-01,Thailand,21.109018325805664,20.94927406311035,0.1597442626953125,1.7177687634118082,False
2023-02-01,"Turkiye, Republic Of",20.79853057861328,20.96674346923828,-0.168212890625,-0.8011543701879755,False
2023-02-01,United Arab Emirates,21.521129608154297,21.35446548461914,0.16666412353515625,1.791707432454549,False
2023-02-01,United Kingdom,22.558910369873047,22.689746856689453,-0.13083648681640625,-1.228685719712874,False
2023-02-01,Vietnam,20.514328002929688,20.567691802978516,-0.053363800048828125,-0.5159752563829613,False
2023-03-01,Australia,21.816537857055664,21.770599365234375,0.04593849182128906,0.9367847298728971,False
2023-03-01,Belgium,22.162029266357422,21.976089477539062,0.18593978881835938,2.214167473016931,True
2023-03-01,Brazil,22.139020919799805,22.099048614501953,0.03997230529785156,1.4553543591163949,False
2023-03-01,Canada,24.190841674804688,24.120716094970703,0.07012557983398438,1.6698481713589997,False
2023-03-01,Chile,21.395038604736328,21.127063751220703,0.267974853515625,2.5917879831784925,True
2023-03-01,"China, People'S Republic Of",23.35292625427246,23.229642868041992,0.12328338623046875,1.372407680097385,False
2023-03-01,Colombia,21.30400848388672,21.15094757080078,0.1530609130859375,2.247532230961564,True
2023-03-01,Dominican Republic,20.881467819213867,20.89242935180664,-0.010961532592773438,0.295000043367183,False
2023-03-01,France,22.017871856689453,22.07752227783203,-0.059650421142578125,0.02032020576127269,False
2023-03-01,Germany,22.73960304260254,22.597148895263672,0.1424541473388672,1.9818445898893875,False
2023-03-01,"Hong Kong Special Administrative Region, People'S Republic Of China",21.56855010986328,21.585311889648438,-0.01676177978515625,0.04182794547362265,False
2023-03-01,India,22.106884002685547,21.923402786254883,0.18348121643066406,1.8115903341800321,False
2023-03-01,Ireland,21.045997619628906,21.15022850036621,-0.10423088073730469,-0.24011805550932677,False
2023-03-01,Israel,20.898052215576172,20.904993057250977,-0.0069408416748046875,0.3009765616407796,False
2023-03-01,Italy,21.553014755249023,21.671274185180664,-0.11825942993164062,-0.18110789832825547,False
2023-03-01,Japan,22.586353302001953,22.591571807861328,-0.005218505859375,0.10559823257500534,False
2023-03-01,"Korea, Republic Of",22.487384796142578,22.41697120666504,0.07041358947753906,1.28901861727254,False
2023-03-01,Malaysia,21.131906509399414,21.143007278442383,-0.01110076904296875,0.3648452340577603,False
2023-03-01,Mexico,24.100631713867188,24.106220245361328,-0.005588531494140625,1.0693676393151157,False
2023-03-01,Netherlands,22.67409896850586,22.555133819580078,0.11896514892578125,1.5887230571297082,False
2023-03-01,Saudi Arabia,20.847267150878906,20.802873611450195,0.04439353942871094,0.8996924122043021,False
2023-03-01,Singapore,21.848426818847656,21.98198890686035,-0.1335620880126953,-0.6102552969417518,False
2023-03-01,Spain,21.60272216796875,21.557682037353516,0.045040130615234375,0.9989952117958162,False
2023-03-01,Switzerland,21.43830108642578,21.664833068847656,-0.226531982421875,-0.4344201061867873,False
2023-03-01,Taiwan Province Of China,22.05855941772461,21.904434204101562,0.15412521362304688,1.524789885205369,False
2023-03-01,Thailand,21.11733055114746,21.116548538208008,0.000782012939453125,0.5481080153348948,False
2023-03-01,"Turkiye, Republic Of",21.11089515686035,20.937171936035156,0.1737232208251953,1.2314739455833505,False
2023-03-01,United Arab Emirates,21.487043380737305,21.480627059936523,0.00641632080078125,0.2744909062646538,False
2023-03-01,United Kingdom,22.677288055419922,22.61016273498535,0.06712532043457031,0.6564321684164548,False
2023-03-01,Vietnam,20.62492561340332,20.570476531982422,0.05444908142089844,0.0021682890368185945,False
2023-04-01,Australia,21.60501480102539,21.833181381225586,-0.2281665802001953,-1.4953754119469176,False
2023-04-01,Belgium,22.04996109008789,22.098596572875977,-0.04863548278808594,0.0928849839470101,False
2023-04-01,Brazil,21.965755462646484,22.070404052734375,-0.10464859008789062,-0.8359107719943337,False
2023-04-01,Canada,24.09929847717285,24.066823959350586,0.032474517822265625,1.0679124459817264,False
2023-04-01,Chile,21.316469192504883,21.27642059326172,0.04004859924316406,0.7008756763143903,False
2023-04-01,"China, People'S Republic Of",23.29328727722168,23.299400329589844,-0.0061130523681640625,0.18778448439553533,False
2023-04-01,Colombia,21.11125373840332,21.21131706237793,-0.10006332397460938,-0.05134110020358923,False
2023-04-01,Dominican Republic,20.880247116088867,20.874120712280273,0.00612640380859375,0.5481943420788054,False
2023-04-01,France,21.965408325195312,22.050682067871094,-0.08527374267578125,-0.29276205844242065,False
2023-04-01,Germany,22.508716583251953,22.656007766723633,-0.1472911834716797,-1.0448130286679116,False
2023-04-01,"Hong Kong Special Administrative Region, People'S Republic Of China",21.344112396240234,21.58441925048828,-0.24030685424804688,-0.7939014288042576,False
2023-04-01,India,21.901174545288086,21.971153259277344,-0.06997871398925781,-0.14741907207506527,False
2023-04-01,Ireland,21.017122268676758,21.1025447845459,-0.08542251586914062,-0.060076870314214374,False
2023-04-01,Israel,20.657211303710938,20.938419342041016,-0.2812080383300781,-1.5681466394908528,False
2023-04-01,Italy,21.546356201171875,21.666418075561523,-0.12006187438964844,-0.19037877574151119,False
2023-04-01,Japan,22.50639533996582,22.571348190307617,-0.06495285034179688,-0.8250142818971589,False
2023-04-01,"Korea, Republic Of",22.400074005126953,22.44727897644043,-0.04720497131347656,0.02926157831981813,False
2023-04-01,Malaysia,20.966384887695312,21.155794143676758,-0.1894092559814453,-1.070177338245206,False
2023-04-01,Mexico,23.941526412963867,23.993804931640625,-0.05227851867675781,0.1184877271199642,False
2023-04-01,Netherlands,22.63181495666504,22.55113410949707,0.08068084716796875,1.2274779774330695,False
2023-04-01,Saudi Arabia,20.730398178100586,20.889299392700195,-0.15890121459960938,-0.3310086714221687,False
2023-04-01,Singapore,21.927335739135742,21.9278621673584,-0.00052642822265625,0.23045894899612987,False
2023-04-01,Spain,21.49573516845703,21.616981506347656,-0.121246337890625,-0.22435601295955251,False
2023-04-01,Switzerland,21.038366317749023,21.604480743408203,-0.5661144256591797,-1.370429234503839,False
2023-04-01,Taiwan Province Of China,21.882539749145508,21.961654663085938,-0.07911491394042969,-0.4979745476567522,False
2023-04-01,Thailand,20.865509033203125,21.12439727783203,-0.25888824462890625,-1.362572716645225,False
2023-04-01,"Turkiye, Republic Of",20.98987579345703,21.02838706970215,-0.03851127624511719,-0.030147257567748505,False
2023-04-01,United Arab Emirates,21.356626510620117,21.46753692626953,-0.11091041564941406,-0.8363515544037787,False
2023-04-01,United Kingdom,22.617692947387695,22.620208740234375,-0.0025157928466796875,-0.006734682900910699,False
2023-04-01,Vietnam,20.504655838012695,20.60352325439453,-0.09886741638183594,-0.7346634574104657,False
2023-05-01,Australia,21.74622917175293,21.762516021728516,-0.016286849975585938,0.3846534066056947,False
2023-05-01,Belgium,21.96922492980957,22.11060333251953,-0.14137840270996094,-0.745796479227652,False
2023-05-01,Brazil,22.122394561767578,22.08404541015625,0.038349151611328125,1.4296383280100653,False
2023-05-01,Canada,24.156341552734375,24.16204261779785,-0.0057010650634765625,0.4575910911982348,False
2023-05-01,Chile,21.15513801574707,21.293903350830078,-0.1387653350830078,-0.7825930453360803,False
2023-05-01,"China, People'S Republic Of",23.093997955322266,23.307960510253906,-0.21396255493164062,-1.7150757845453362,False
2023-05-01,Colombia,20.9856014251709,21.20326042175293,-0.21765899658203125,-1.1193445389772791,False
2023-05-01,Dominican Republic,20.85097312927246,20.89191436767578,-0.04094123840332031,-0.14921337187439315,False
2023-05-01,France,22.012910842895508,22.057363510131836,-0.044452667236328125,0.20601616237695144,False
2023-05-01,Germany,22.537525177001953,22.602060317993164,-0.06453514099121094,-0.18034972306614674,False
2023-05-01,"Hong Kong Special Administrative Region, People'S Republic Of China",21.349397659301758,21.536298751831055,-0.18690109252929688,-0.594242528104776,False
2023-05-01,India,21.96524429321289,21.988962173461914,-0.023717880249023438,0.21013412494577316,False
2023-05-01,Ireland,21.112730026245117,21.115652084350586,-0.00292205810546875,0.7296504823304861,False
2023-05-01,Israel,20.747713088989258,20.871028900146484,-0.12331581115722656,-0.49211556947536084,False
2023-05-01,Italy,21.43067741394043,21.66706085205078,-0.23638343811035156,-0.7886790190481912,False
2023-05-01,Japan,22.571399688720703,22.51581573486328,0.055583953857421875,1.052851113868308,False
2023-05-01,"Korea, Republic Of",22.38640594482422,22.425146102905273,-0.03874015808105469,0.11992420827590705,False
2023-05-01,Malaysia,21.083467483520508,21.106765747070312,-0.023298263549804688,0.266680080825932,False
2023-05-01,Mexico,24.033065795898438,24.075956344604492,-0.04289054870605469,0.3096814412351052,False
2023-05-01,Netherlands,22.595977783203125,22.64908218383789,-0.053104400634765625,-0.03490008056222926,False
2023-05-01,Saudi Arabia,20.75731658935547,20.87002182006836,-0.11270523071289062,-0.05134849179620707,False
2023-05-01,Singapore,21.832921981811523,21.921064376831055,-0.08814239501953125,-0.3232271196414497,False
2023-05-01,Spain,21.477994918823242,21.609027862548828,-0.13103294372558594,-0.2963549936461598,False
2023-05-01,Switzerland,21.684307098388672,21.296689987182617,0.3876171112060547,1.2583916667165418,False
2023-05-01,Taiwan Province Of China,21.95218276977539,21.939802169799805,0.012380599975585938,0.2955161490304617,False
2023-05-01,Thailand,20.977983474731445,21.05531883239746,-0.07733535766601562,-0.026687713088205948,False
2023-05-01,"Turkiye, Republic Of",20.925724029541016,21.040767669677734,-0.11504364013671875,-0.48509145535729,False
2023-05-01,United Arab Emirates,21.28449821472168,21.44247055053711,-0.1579723358154297,-1.2819309746000447,False
2023-05-01,United Kingdom,22.557024002075195,22.608762741088867,-0.051738739013671875,-0.47546679650595153,False
2023-05-01,Vietnam,20.553585052490234,20.575870513916016,-0.02228546142578125,-0.3666142492344448,False
2023-06-01,Australia,21.778057098388672,21.775497436523438,0.002559661865234375,0.5518802826847539,False
2023-06-01,Belgium,21.964635848999023,22.058542251586914,-0.09390640258789062,-0.31650347706916726,False
2023-06-01,Brazil,22.094539642333984,22.144121170043945,-0.04958152770996094,0.036530513635328096,False
2023-06-01,Canada,24.174875259399414,24.12372589111328,0.05114936828613281,1.3664713460409403,False
2023-06-01,Chile,21.11981201171875,21.274721145629883,-0.1549091339111328,-0.9165245574432759,False
2023-06-01,"China, People'S Republic Of",23.033641815185547,23.195690155029297,-0.16204833984375,-1.2398016267261274,False
2023-06-01,Colombia,20.959745407104492,21.133617401123047,-0.1738719940185547,-0.7216711529207767,False
2023-06-01,Dominican Republic,20.734458923339844,20.863317489624023,-0.1288585662841797,-1.451896484366136,False
2023-06-01,France,22.010080337524414,22.023609161376953,-0.013528823852539062,0.583863620284833,False
2023-06-01,Germany,22.5671329498291,22.575435638427734,-0.008302688598632812,0.40705018418358196,False
2023-06-01,"Hong Kong Special Administrative Region, People'S Republic Of China",21.786897659301758,21.46218490600586,0.32471275329589844,1.3184398258710832,False
2023-06-01,India,21.929948806762695,21.98276138305664,-0.05281257629394531,-0.01474080155525221,False
2023-06-01,Ireland,21.197376251220703,21.221097946166992,-0.023721694946289062,0.5305480460103663,False
2023-06-01,Israel,21.143646240234375,20.882064819335938,0.2615814208984375,2.1309481992145103,True
2023-06-01,Italy,21.443016052246094,21.6196231842041,-0.1766071319580078,-0.48121944430593305,False
2023-06-01,Japan,22.538070678710938,22.566774368286133,-0.028703689575195312,-0.26028183290477497,False
2023-06-01,"Korea, Republic Of",22.309303283691406,22.450185775756836,-0.1408824920654297,-0.9740742503560159,False
2023-06-01,Malaysia,21.118404388427734,21.149995803833008,-0.03159141540527344,0.19993698680685623,False
2023-06-01,Mexico,24.029111862182617,24.058692932128906,-0.029581069946289062,0.5807399006206099,False
2023-06-01,Netherlands,22.74343490600586,22.6712646484375,0.07217025756835938,1.1471732970023,False
2023-06-01,Saudi Arabia,20.878999710083008,20.8732967376709,0.005702972412109375,0.6654683517702544,False
2023-06-01,Singapore,22.079519271850586,21.901283264160156,0.1782360076904297,1.3601419734414422,False
2023-06-01,Spain,21.363637924194336,21.58501625061035,-0.22137832641601562,-0.9610160184332438,False
2023-06-01,Switzerland,21.596908569335938,21.503890991210938,0.093017578125,0.4463713233411565,False
2023-06-01,Taiwan Province Of China,21.899110794067383,21.952680587768555,-0.053569793701171875,-0.2764356504140619,False
2023-06-01,Thailand,20.767759323120117,21.059335708618164,-0.2915763854980469,-1.6030954530871409,False
2023-06-01,"Turkiye, Republic Of",20.751873016357422,21.02741813659668,-0.2755451202392578,-1.4391873880623895,False
2023-06-01,United Arab Emirates,21.46938705444336,21.418193817138672,0.0511932373046875,0.6984360496758372,False
2023-06-01,United Kingdom,22.375118255615234,22.580486297607422,-0.2053680419921875,-1.9384224605673155,False
2023-06-01,Vietnam,20.402938842773438,20.57878303527832,-0.1758441925048828,-1.1046101572079265,False
2023-07-01,Australia,21.850114822387695,21.80006980895996,0.050045013427734375,0.9732222831770377,False
2023-07-01,Belgium,21.880224227905273,22.01820182800293,-0.13797760009765625,-0.7150427557816085,False
2023-07-01,Brazil,21.955223083496094,22.10390281677246,-0.1486797332763672,-1.5335072209833103,False
2023-07-01,Canada,24.081993103027344,24.11770248413086,-0.035709381103515625,-0.022158390430977,False
2023-07-01,Chile,21.286109924316406,21.200231552124023,0.08587837219238281,1.0810867317151105,False
2023-07-01,"China, People'S Republic Of",23.102739334106445,23.146459579467773,-0.043720245361328125,-0.15650901879064075,False
2023-07-01,Colombia,21.048171997070312,21.119949340820312,-0.07177734375,0.20555206158662423,False
2023-07-01,Dominican Republic,20.80035972595215,20.845123291015625,-0.04476356506347656,-0.20584931055260405,False
2023-07-01,France,21.98819923400879,22.02435302734375,-0.03615379333496094,0.3074171547507991,False
2023-07-01,Germany,22.52840805053711,22.603952407836914,-0.07554435729980469,-0.29535115664071543,False
2023-07-01,"Hong Kong Special Administrative Region, People'S Republic Of China",21.300931930541992,21.639591217041016,-0.33865928649902344,-1.161594686467428,False
2023-07-01,India,21.89968490600586,21.950353622436523,-0.05066871643066406,0.001829240229666664,False
2023-07-01,Ireland,20.971755981445312,21.201221466064453,-0.22946548461914062,-1.438913733303251,False
2023-07-01,Israel,20.84686279296875,21.011598587036133,-0.1647357940673828,-0.7743915834937518,False
2023-07-01,Italy,21.485153198242188,21.62114715576172,-0.13599395751953125,-0.2723254837128603,False
2023-07-01,Japan,22.5563907623291,22.564678192138672,-0.008287429809570312,0.0577868929049845,False
2023-07-01,"Korea, Republic Of",22.19647789001465,22.353851318359375,-0.15737342834472656,-1.1507009061920557,False
2023-07-01,Malaysia,21.199352264404297,21.16400909423828,0.035343170166015625,0.7386249809217195,False
2023-07-01,Mexico,23.996938705444336,24.025447845458984,-0.028509140014648438,0.6025706335203882,False
2023-07-01,Netherlands,22.700395584106445,22.732576370239258,-0.0321807861328125,0.16253208983793652,False
2023-07-01,Saudi Arabia,20.879379272460938,20.90599250793457,-0.026613235473632812,0.4698332393258834,False
2023-07-01,Singapore,21.89162826538086,22.019624710083008,-0.12799644470214844,-0.5750834067405054,False
2023-07-01,Spain,21.457313537597656,21.514419555664062,-0.05710601806640625,0.2475172520042421,False
2023-07-01,Switzerland,21.28600311279297,21.552101135253906,-0.2660980224609375,-0.5434780842579341,False
2023-07-01,Taiwan Province Of China,21.9677734375,21.929529190063477,0.03824424743652344,0.5198174591634327,False
2023-07-01,Thailand,20.897546768188477,20.946149826049805,-0.048603057861328125,0.1847275338344816,False
2023-07-01,"Turkiye, Republic Of",20.839574813842773,20.935791015625,-0.09621620178222656,-0.3731723481577744,False
2023-07-01,United Arab Emirates,21.432222366333008,21.448057174682617,-0.015834808349609375,0.0638185582055779,False
2023-07-01,United Kingdom,22.43069076538086,22.43236541748047,-0.001674652099609375,0.0012751927955988915,False
2023-07-01,Vietnam,20.38387107849121,20.54129409790039,-0.1574230194091797,-1.0160788814597757,False
2023-08-01,Australia,21.774770736694336,21.851430892944336,-0.07666015625,-0.15104463089359269,False
2023-08-01,Belgium,21.69315528869629,21.93962860107422,-0.2464733123779297,-1.6961779497139116,False
2023-08-01,Brazil,22.04658317565918,22.065759658813477,-0.019176483154296875,0.5182452631840946,False
2023-08-01,Canada,24.164461135864258,24.192472457885742,-0.028011322021484375,0.10091215605446753,False
2023-08-01,Chile,21.233562469482422,21.254932403564453,-0.02136993408203125,0.1913377957184777,False
2023-08-01,"China, People'S Republic Of",23.10123634338379,23.127666473388672,-0.026430130004882812,0.001781826996379901,False
2023-08-01,Colombia,21.071184158325195,21.15168571472168,-0.08050155639648438,0.12631879644647342,False
2023-08-01,Dominican Republic,20.779125213623047,20.84064483642578,-0.061519622802734375,-0.45412611758258536,False
2023-08-01,France,21.98110580444336,22.075679779052734,-0.094573974609375,-0.4063982889215935,False
2023-08-01,Germany,22.63996696472168,22.58732795715332,0.052639007568359375,1.0436424925933263,False
2023-08-01,"Hong Kong Special Administrative Region, People'S Republic Of China",21.543106079101562,21.461374282836914,0.08173179626464844,0.4100488730886417,False
2023-08-01,India,22.058530807495117,21.964271545410156,0.09425926208496094,1.121987652138275,False
2023-08-01,Ireland,21.04537010192871,21.135631561279297,-0.09026145935058594,-0.10639717118025231,False
2023-08-01,Israel,20.765527725219727,20.955698013305664,-0.1901702880859375,-0.9477269420743027,False
2023-08-01,Italy,21.700496673583984,21.596355438232422,0.1041412353515625,0.9628104594923179,False
2023-08-01,Japan,22.597585678100586,22.554597854614258,0.042987823486328125,0.8566136451418831,False
2023-08-01,"Korea, Republic Of",22.42680549621582,22.306947708129883,0.1198577880859375,1.8185921540800418,False
2023-08-01,Malaysia,21.253835678100586,21.23464012145996,0.019195556640625,0.608669361334439,False
2023-08-01,Mexico,24.09303092956543,24.101993560791016,-0.008962631225585938,1.0006513288174148,False
2023-08-01,Netherlands,22.63471794128418,22.814212799072266,-0.17949485778808594,-1.2275019740505597,False
2023-08-01,Saudi Arabia,20.911304473876953,20.92209243774414,-0.0107879638671875,0.5656359028418455,False
2023-08-01,Singapore,22.13449478149414,21.99425506591797,0.14023971557617188,1.120025720974331,False
2023-08-01,Spain,21.530641555786133,21.52635955810547,0.0042819976806640625,0.6991421191643387,False
2023-08-01,Switzerland,21.66980743408203,21.495454788208008,0.17435264587402344,0.6705594914325523,False
2023-08-01,Taiwan Province Of China,22.00042152404785,21.973190307617188,0.027231216430664062,0.4243074470168417,False
2023-08-01,Thailand,21.089000701904297,20.984899520874023,0.10410118103027344,1.3083411878358946,False
2023-08-01,"Turkiye, Republic Of",20.958110809326172,20.950586318969727,0.0075244903564453125,0.243510889668348,False
2023-08-01,United Arab Emirates,21.38707733154297,21.4715518951416,-0.08447456359863281,-0.586058502449485,False
2023-08-01,United Kingdom,22.442461013793945,22.430065155029297,0.012395858764648438,0.13526352162360625,False
2023-08-01,Vietnam,20.463134765625,20.5217227935791,-0.05858802795410156,-0.5410826455188265,False
2023-09-01,Australia,21.780080795288086,21.846311569213867,-0.06623077392578125,-0.058503738433285504,False
2023-09-01,Belgium,21.735483169555664,21.822587966918945,-0.08710479736328125,-0.2549960301770801,False
2023-09-01,Brazil,22.021459579467773,22.130496978759766,-0.10903739929199219,-0.9054437773711427,False
2023-09-01,Canada,24.116456985473633,24.13936424255371,-0.022907257080078125,0.18251195347643226,False
2023-09-01,Chile,21.258563995361328,21.275428771972656,-0.016864776611328125,0.22871329567088744,False
2023-09-01,"China, People'S Republic Of",23.189687728881836,23.1624698638916,0.027217864990234375,0.4929287237919154,False
2023-09-01,Colombia,21.26813316345215,21.17729377746582,0.09083938598632812,1.6824365651543933,False
2023-09-01,Dominican Republic,20.72764015197754,20.854639053344727,-0.1269989013671875,-1.424341574081078,False
2023-09-01,France,22.05708122253418,21.98069953918457,0.07638168334960938,1.6824481708504053,False
2023-09-01,Germany,22.632078170776367,22.595197677612305,0.0368804931640625,0.8790302534746349,False
2023-09-01,"Hong Kong Special Administrative Region, People'S Republic Of China",21.996809005737305,21.581174850463867,0.4156341552734375,1.6583519736369259,False
2023-09-01,India,21.988924026489258,22.0305118560791,-0.04158782958984375,0.07201604533464777,False
2023-09-01,Ireland,20.838773727416992,21.163753509521484,-0.3249797821044922,-2.3532147606854275,True
2023-09-01,Israel,20.655860900878906,20.929540634155273,-0.2736797332763672,-1.516841453115342,False
2023-09-01,Italy,21.918378829956055,21.6685848236084,0.24979400634765625,1.7119758381016923,False
2023-09-01,Japan,22.622461318969727,22.59096908569336,0.03149223327636719,0.6775216972293812,False
2023-09-01,"Korea, Republic Of",22.497791290283203,22.38545799255371,0.11233329772949219,1.7380008798175879,False
2023-09-01,Malaysia,21.273405075073242,21.304746627807617,-0.031341552734375,0.20194787579409149,False
2023-09-01,Mexico,24.038345336914062,24.064023971557617,-0.025678634643554688,0.6602161986863511,False
2023-09-01,Netherlands,22.562414169311523,22.692459106445312,-0.13004493713378906,-0.7608997452634405,False
2023-09-01,Saudi Arabia,21.27501678466797,20.95838737487793,0.31662940979003906,2.5477476326012263,True
2023-09-01,Singapore,22.14929962158203,22.060644149780273,0.08865547180175781,0.7940408784476997,False
2023-09-01,Spain,21.520612716674805,21.575414657592773,-0.05480194091796875,0.2644680936860627,False
2023-09-01,Switzerland,21.403270721435547,21.62078857421875,-0.21751785278320312,-0.40957398179591564,False
2023-09-01,Taiwan Province Of China,21.77851104736328,21.988788604736328,-0.21027755737304688,-1.6354766268539513,False
2023-09-01,Thailand,21.106897354125977,21.07541275024414,0.03148460388183594,0.7740208691396281,False
2023-09-01,"Turkiye, Republic Of",20.661813735961914,20.985214233398438,-0.32340049743652344,-1.7236621524870523,False
2023-09-01,United Arab Emirates,21.380334854125977,21.46631622314453,-0.08598136901855469,-0.6003248452376445,False
2023-09-01,United Kingdom,22.546701431274414,22.411884307861328,0.13481712341308594,1.3010364506593695,False
2023-09-01,Vietnam,20.49970817565918,20.539932250976562,-0.04022407531738281,-0.45282636855639136,False
2023-10-01,Australia,21.78847885131836,21.861778259277344,-0.07329940795898438,-0.12122439451556394,False
2023-10-01,Belgium,21.71158790588379,21.82381820678711,-0.11223030090332031,-0.48220791966374976,False
2023-10-01,Brazil,21.998842239379883,22.03264617919922,-0.03380393981933594,0.28649879719767657,False
2023-10-01,Canada,24.101028442382812,24.179378509521484,-0.07835006713867188,-0.7038643213597674,False
2023-10-01,Chile,21.001625061035156,21.292816162109375,-0.29119110107421875,-2.047141342836852,True
2023-10-01,"China, People'S Republic Of",23.48360824584961,23.20074462890625,0.2828636169433594,2.8333632127633384,True
2023-10-01,Colombia,21.092201232910156,21.247827529907227,-0.1556262969970703,-0.555963803919753,False
2023-10-01,Dominican Republic,20.807598114013672,20.84819984436035,-0.04060173034667969,-0.14418283440696725,False
2023-10-01,France,22.101125717163086,22.156518936157227,-0.055393218994140625,0.07233744662048391,False
2023-10-01,Germany,22.513364791870117,22.683143615722656,-0.16977882385253906,-1.2797172043165888,False
2023-10-01,"Hong Kong Special Administrative Region, People'S Republic Of China",21.530258178710938,21.78026580810547,-0.25000762939453125,-0.8301680419813134,False
2023-10-01,India,21.967212677001953,22.0233154296875,-0.056102752685546875,-0.04017080340488304,False
2023-10-01,Ireland,21.033967971801758,21.09303855895996,-0.059070587158203125,0.19217432273473328,False
2023-10-01,Israel,20.929706573486328,20.833839416503906,0.09586715698242188,1.0016101696535487,False
2023-10-01,Italy,21.52791976928711,21.94439125061035,-0.4164714813232422,-1.7149623032860508,False
2023-10-01,Japan,22.624114990234375,22.622556686401367,0.0015583038330078125,0.21117541706697798,False
2023-10-01,"Korea, Republic Of",22.57362174987793,22.45571517944336,0.11790657043457031,1.7976935802979148,False
2023-10-01,Malaysia,21.373414993286133,21.341503143310547,0.03191184997558594,0.7110097955168627,False
2023-10-01,Mexico,24.11338996887207,24.151926040649414,-0.03853607177734375,0.3983639380503971,False
2023-10-01,Netherlands,22.733951568603516,22.714990615844727,0.018960952758789062,0.6450980684103744,False
2023-10-01,Saudi Arabia,21.04717445373535,21.134078979492188,-0.08690452575683594,0.10484321959109198,False
2023-10-01,Singapore,22.16109275817871,22.13655662536621,0.0245361328125,0.38884093571455974,False
2023-10-01,Spain,21.44074249267578,21.6385498046875,-0.19780731201171875,-0.7876066628836251,False
2023-10-01,Switzerland,22.22308921813965,21.516855239868164,0.7062339782714844,2.1366122636530473,True
2023-10-01,Taiwan Province Of China,21.881555557250977,21.8940372467041,-0.012481689453125,0.07989907103759464,False
2023-10-01,Thailand,20.93259048461914,21.161331176757812,-0.22874069213867188,-1.140743893433595,False
2023-10-01,"Turkiye, Republic Of",20.85226821899414,20.915435791015625,-0.06316757202148438,-0.17671582192476787,False
2023-10-01,United Arab Emirates,21.557842254638672,21.445981979370117,0.11186027526855469,1.2728279041859543,False
2023-10-01,United Kingdom,22.510202407836914,22.521106719970703,-0.010904312133789062,-0.08661548406474104,False
2023-10-01,Vietnam,20.5356388092041,20.549541473388672,-0.013902664184570312,-0.32632692712705985,False
2023-11-01,Australia,21.711589813232422,21.836130142211914,-0.12454032897949219,-0.5758899168173475,False
2023-11-01,Belgium,21.722837448120117,21.783309936523438,-0.06047248840332031,-0.014157981676179134,False
2023-11-01,Brazil,22.010738372802734,22.100378036499023,-0.08963966369628906,-0.598120585418884,False
2023-11-01,Canada,24.090435028076172,24.157135009765625,-0.06669998168945312,-0.5176118689481978,False
2023-11-01,Chile,21.05790138244629,21.20620346069336,-0.1483020782470703,-0.8617113771574388,False
2023-11-01,"China, People'S Republic Of",23.35776138305664,23.289657592773438,0.06810379028320312,0.8672389907848084,False
2023-11-01,Colombia,21.072765350341797,21.217575073242188,-0.14480972290039062,-0.45772772027091274,False
2023-11-01,Dominican Republic,20.797607421875,20.84011459350586,-0.042507171630859375,-0.17241601940673404,False
2023-11-01,France,22.10106658935547,22.069250106811523,0.03181648254394531,1.1379218121248365,False
2023-11-01,Germany,22.601394653320312,22.567468643188477,0.03392601013183594,0.8481679491421666,False
2023-11-01,"Hong Kong Special Administrative Region, People'S Republic Of China",21.49274253845215,21.70271873474121,-0.2099761962890625,-0.680509434557002,False
2023-11-01,India,21.839448928833008,21.991735458374023,-0.15228652954101562,-0.7835818951574534,False
2023-11-01,Ireland,21.09203338623047,21.093515396118164,-0.0014820098876953125,0.7434351993797012,False
2023-11-01,Israel,20.90840721130371,20.895055770874023,0.0133514404296875,0.4392678912199684,False
2023-11-01,Italy,21.556896209716797,21.764781951904297,-0.2078857421875,-0.6421010513958594,False
2023-11-01,Japan,22.521116256713867,22.620973587036133,-0.09985733032226562,-1.3687976976593597,False
2023-11-01,"Korea, Republic Of",22.431236267089844,22.513914108276367,-0.08267784118652344,-0.3506716330193756,False
2023-11-01,Malaysia,21.3657169342041,21.39777183532715,-0.032054901123046875,0.19620686448702288,False
2023-11-01,Mexico,23.978981018066406,24.090776443481445,-0.11179542541503906,-1.0936229301837455,False
2023-11-01,Netherlands,22.592987060546875,22.73628044128418,-0.1432933807373047,-0.8859101240783496,False
2023-11-01,Saudi Arabia,20.725234985351562,21.10719871520996,-0.38196372985839844,-1.6813793711363134,False
2023-11-01,Singapore,21.959535598754883,22.151447296142578,-0.1919116973876953,-0.9789936331434418,False
2023-11-01,Spain,21.4652099609375,21.578161239624023,-0.11295127868652344,-0.16333017647425624,False
2023-11-01,Switzerland,21.083154678344727,21.970975875854492,-0.8878211975097656,-2.257166700148176,True
2023-11-01,Taiwan Province Of China,21.867122650146484,21.88886260986328,-0.021739959716796875,-0.0003928581206237509,False
2023-11-01,Thailand,21.03096580505371,21.086450576782227,-0.055484771728515625,0.1340911682677625,False
2023-11-01,"Turkiye, Republic Of",20.85443878173828,20.948959350585938,-0.09452056884765625,-0.3630927122241942,False
2023-11-01,United Arab Emirates,21.58814811706543,21.512548446655273,0.07559967041015625,0.9295146855205084,False
2023-11-01,United Kingdom,22.497852325439453,22.488460540771484,0.00939178466796875,0.10665682270750057,False
2023-11-01,Vietnam,20.690876007080078,20.558452606201172,0.13242340087890625,0.37690913433192735,False
2023-12-01,Australia,21.83210563659668,21.778284072875977,0.053821563720703125,1.0067319699128476,False
2023-12-01,Belgium,21.674894332885742,21.759798049926758,-0.08490371704101562,-0.2350914890347726,False
2023-12-01,Brazil,22.040790557861328,22.089853286743164,-0.04906272888183594,0.04474997363641112,False
2023-12-01,Canada,24.053081512451172,24.084985733032227,-0.03190422058105469,0.038675539261407,False
2023-12-01,Chile,21.129972457885742,21.151275634765625,-0.021303176879882812,0.19189162404122723,False
2023-12-01,"China, People'S Republic Of",23.21238899230957,23.337446212768555,-0.12505722045898438,-0.9011482717130576,False
2023-12-01,Colombia,21.14603042602539,21.219812393188477,-0.07378196716308594,0.18734607958787072,False
2023-12-01,Dominican Republic,20.852991104125977,20.843053817749023,0.009937286376953125,0.604660712078339,False
2023-12-01,France,22.112995147705078,22.145946502685547,-0.03295135498046875,0.3465466114724011,False
2023-12-01,Germany,22.524106979370117,22.660356521606445,-0.13624954223632812,-0.929472886782399,False
2023-12-01,"Hong Kong Special Administrative Region, People'S Republic Of China",21.514455795288086,21.633020401000977,-0.11856460571289062,-0.3387647033097393,False
2023-12-01,India,21.88727378845215,21.943387985229492,-0.05611419677734375,-0.04025925558522959,False
2023-12-01,Ireland,21.0843505859375,21.144044876098633,-0.05969429016113281,0.18620398833063614,False
2023-12-01,Israel,21.17571258544922,20.91010093688965,0.2656116485595703,2.1584140869295987,True
2023-12-01,Italy,21.82270050048828,21.721315383911133,0.10138511657714844,0.9486343559344824,False
2023-12-01,Japan,22.569141387939453,22.547250747680664,0.021890640258789062,0.5279366854836479,False
2023-12-01,"Korea, Republic Of",22.461536407470703,22.52947425842285,-0.06793785095214844,-0.19279853606113873,False
2023-12-01,Malaysia,21.39358901977539,21.440975189208984,-0.04738616943359375,0.07282117227788512,False
2023-12-01,Mexico,23.895090103149414,24.025232315063477,-0.1301422119140625,-1.4672702963100235,False
2023-12-01,Netherlands,22.774446487426758,22.663564682006836,0.11088180541992188,1.5124498084372833,False
2023-12-01,Saudi Arabia,20.86393165588379,20.97760009765625,-0.11366844177246094,-0.05717955664802831,False
2023-12-01,Singapore,22.027151107788086,22.035064697265625,-0.007913589477539062,0.18377603921222738,False
2023-12-01,Spain,21.42250633239746,21.577831268310547,-0.15532493591308594,-0.4750685032982024,False
2023-12-01,Switzerland,20.977815628051758,21.475568771362305,-0.4977531433105469,-1.1820014003326098,False
2023-12-01,Taiwan Province Of China,22.09804916381836,21.859529495239258,0.23851966857910156,2.2566969699733312,True
2023-12-01,Thailand,20.96042251586914,21.105937957763672,-0.14551544189453125,-0.5283638559784336,False
2023-12-01,"Turkiye, Republic Of",21.257043838500977,20.937294006347656,0.3197498321533203,2.0995244822255263,True
2023-12-01,United Arab Emirates,21.540767669677734,21.58338165283203,-0.042613983154296875,-0.18972505286500543,False
2023-12-01,United Kingdom,22.71517562866211,22.51308250427246,0.20209312438964844,1.9416812025126262,False
2023-12-01,Vietnam,20.53510093688965,20.59796714782715,-0.0628662109375,-0.561643388064188,False
2024-01-01,Australia,21.63188362121582,21.854333877563477,-0.22245025634765625,-1.4446539315695328,False
2024-01-01,Belgium,21.67903709411621,21.737043380737305,-0.05800628662109375,0.008144073520531096,False
2024-01-01,Brazil,21.9801025390625,22.0889835357666,-0.10888099670410156,-0.9029658519296397,False
2024-01-01,Canada,24.006431579589844,24.114604949951172,-0.10817337036132812,-1.1806559627984223,False
2024-01-01,Chile,20.9672794342041,21.13248634338379,-0.1652069091796875,-1.0019565321439787,False
2024-01-01,"China, People'S Republic Of",23.213802337646484,23.317169189453125,-0.10336685180664062,-0.7025731477979998,False
2024-01-01,Colombia,21.093637466430664,21.248655319213867,-0.15501785278320312,-0.5504379159486755,False
2024-01-01,Dominican Republic,20.741548538208008,20.79786491394043,-0.056316375732421875,-0.3770288916773163,False
2024-01-01,France,21.94996452331543,22.15314483642578,-0.20318031311035156,-1.7334205612174474,False
2024-01-01,Germany,22.571510314941406,22.559659957885742,0.011850357055664062,0.6175673614443049,False
2024-01-01,"Hong Kong Special Administrative Region, People'S Republic Of China",21.54439926147461,21.560060501098633,-0.015661239624023438,0.04594234496303697,False
2024-01-01,India,21.751028060913086,21.949012756347656,-0.1979846954345703,-1.1367861933112535,False
2024-01-01,Ireland,21.028274536132812,21.169340133666992,-0.1410655975341797,-0.5927146855152096,False
2024-01-01,Israel,21.01764488220215,21.089136123657227,-0.07149124145507812,-0.13893259024835306,False
2024-01-01,Italy,21.767240524291992,21.82891273498535,-0.061672210693359375,0.10994860018652791,False
2024-01-01,Japan,22.452943801879883,22.591726303100586,-0.13878250122070312,-1.9752202085268458,False
2024-01-01,"Korea, Republic Of",22.37359046936035,22.51470947265625,-0.14111900329589844,-0.9766074108144555,False
2024-01-01,Malaysia,21.322559356689453,21.44581413269043,-0.12325477600097656,-0.5377676158538482,False
2024-01-01,Mexico,23.998111724853516,24.039581298828125,-0.041469573974609375,0.33862075797947333,False
2024-01-01,Netherlands,22.58976936340332,22.757295608520508,-0.1675262451171875,-1.1145678929875662,False
2024-01-01,Saudi Arabia,20.701078414916992,20.950101852416992,-0.2490234375,-0.876588501617325,False
2024-01-01,Singapore,21.878498077392578,22.086410522460938,-0.20791244506835938,-1.0801098041161137,False
2024-01-01,Spain,21.49789047241211,21.535743713378906,-0.037853240966796875,0.38915781155415713,False
2024-01-01,Switzerland,21.697214126586914,21.317983627319336,0.3792304992675781,1.2352752026990508,False
2024-01-01,Taiwan Province Of China,21.86044692993164,22.030183792114258,-0.1697368621826172,-1.2838892856388848,False
2024-01-01,Thailand,21.005939483642578,21.065771102905273,-0.05983161926269531,0.10210661252315249,False
2024-01-01,"Turkiye, Republic Of",21.027889251708984,21.128496170043945,-0.10060691833496094,-0.39927282275743853,False
2024-01-01,United Arab Emirates,21.366540908813477,21.57615089416504,-0.2096099853515625,-1.7708331243517472,False
2024-01-01,United Kingdom,22.61856460571289,22.6023006439209,0.016263961791992188,0.1720980520374871,False
2024-01-01,Vietnam,20.489093780517578,20.55990982055664,-0.0708160400390625,-0.5998498860263224,False
2024-02-01,Australia,21.701326370239258,21.741310119628906,-0.03998374938964844,0.17438858438059293,False
2024-02-01,Belgium,21.754648208618164,21.759069442749023,-0.004421234130859375,0.4927178853506759,False
2024-02-01,Brazil,22.048141479492188,22.038278579711914,0.009862899780273438,0.9783234930241279,False
2024-02-01,Canada,24.076614379882812,24.08132553100586,-0.004711151123046875,0.4734170608776069,False
2024-02-01,Chile,21.057931900024414,21.10797119140625,-0.05003929138183594,-0.04650773340289002,False
2024-02-01,"China, People'S Republic Of",23.213346481323242,23.21370506286621,-0.00035858154296875,0.24046661144897616,False
2024-02-01,Colombia,21.077165603637695,21.256181716918945,-0.17901611328125,-0.7683900239489767,False
2024-02-01,Dominican Republic,20.771371841430664,20.798948287963867,-0.027576446533203125,0.048814583374221426,False
2024-02-01,France,22.147382736206055,22.075830459594727,0.07155227661132812,1.6234393653595798,False
2024-02-01,Germany,22.535581588745117,22.594120025634766,-0.05853843688964844,-0.11770860955983281,False
2024-02-01,"Hong Kong Special Administrative Region, People'S Republic Of China",21.84307861328125,21.63074493408203,0.21233367919921875,0.8983075840741991,False
2024-02-01,India,21.78934097290039,21.883813858032227,-0.09447288513183594,-0.3367362220767807,False
2024-02-01,Ireland,20.975364685058594,21.13691520690918,-0.16155052185058594,-0.7888045677782161,False
2024-02-01,Israel,21.052196502685547,21.041736602783203,0.01045989990234375,0.4195621241702409,False
2024-02-01,Italy,21.734468460083008,21.81519317626953,-0.08072471618652344,0.011951992270113891,False
2024-02-01,Japan,22.496362686157227,22.495649337768555,0.000713348388671875,0.19801169831382742,False
2024-02-01,"Korea, Republic Of",22.343122482299805,22.415510177612305,-0.0723876953125,-0.2404587243638777,False
2024-02-01,Malaysia,21.305994033813477,21.421533584594727,-0.11553955078125,-0.47567566201135475,False
2024-02-01,Mexico,24.01578712463379,24.06691551208496,-0.051128387451171875,0.1419110935586944,False
2024-02-01,Netherlands,22.701732635498047,22.718427658081055,-0.016695022583007812,0.3086534928898003,False
2024-02-01,Saudi Arabia,20.70467758178711,20.87610626220703,-0.17142868041992188,-0.40684715448506364,False
2024-02-01,Singapore,22.003047943115234,21.954036712646484,0.04901123046875,0.5435104679497875,False
2024-02-01,Spain,21.37253189086914,21.566001892089844,-0.19347000122070312,-0.7556975453468204,False
2024-02-01,Switzerland,21.904949188232422,21.463058471679688,0.4418907165527344,1.4079888883716942,False
2024-02-01,Taiwan Province Of China,21.85601043701172,21.9149169921875,-0.05890655517578125,-0.3227184723721779,False
2024-02-01,Thailand,21.22861099243164,21.07762908935547,0.15098190307617188,1.6532944110244725,False
2024-02-01,"Turkiye, Republic Of",21.155956268310547,21.058685302734375,0.09727096557617188,0.7770059510662618,False
2024-02-01,United Arab Emirates,21.71696662902832,21.47176170349121,0.24520492553710938,2.535327006291051,True
2024-02-01,United Kingdom,22.56952476501465,22.62184715270996,-0.0523223876953125,-0.48102466943822353,False
2024-02-01,Vietnam,20.57808494567871,20.536245346069336,0.041839599609375,-0.05843227670878361,False
2024-03-01,Australia,21.847227096557617,21.750720977783203,0.09650611877441406,1.3854760504485488,False
2024-03-01,Belgium,21.907493591308594,21.80394744873047,0.103546142578125,1.4690752994767233,False
2024-03-01,Brazil,22.091421127319336,22.098203659057617,-0.00678253173828125,0.7146057451217325,False
2024-03-01,Canada,24.151498794555664,24.11734962463379,0.034149169921875,1.0946854736859435,False
2024-03-01,Chile,21.30436897277832,21.112661361694336,0.19170761108398438,1.959062859936725,False
2024-03-01,"China, People'S Republic Of",23.26120376586914,23.198543548583984,0.06266021728515625,0.8174031304564954,False
2024-03-01,Colombia,21.158000946044922,21.24297332763672,-0.08497238159179688,0.08571477950539047,False
2024-03-01,Dominican Republic,20.884000778198242,20.82754135131836,0.05645942687988281,1.2939856523479207,False
2024-03-01,France,22.044981002807617,22.154739379882812,-0.10975837707519531,-0.5919311090292013,False
2024-03-01,Germany,22.634000778198242,22.636554718017578,-0.0025539398193359375,0.4671011753120903,False
2024-03-01,"Hong Kong Special Administrative Region, People'S Republic Of China",21.67440414428711,21.643104553222656,0.031299591064453125,0.22150669475310616,False
2024-03-01,India,22.128948211669922,21.8985595703125,0.23038864135742188,2.1741410793904503,True
2024-03-01,Ireland,20.963092803955078,21.087383270263672,-0.12429046630859375,-0.4321364253193863,False
2024-03-01,Israel,21.028446197509766,21.09095573425293,-0.06250953674316406,-0.07772252623966808,False
2024-03-01,Italy,21.826887130737305,21.87273597717285,-0.045848846435546875,0.19133611237739495,False
2024-03-01,Japan,22.634000778198242,22.52233123779297,0.11166954040527344,1.9266189466818333,False
2024-03-01,"Korea, Republic Of",22.578487396240234,22.467771530151367,0.11071586608886719,1.7206773308760006,False
2024-03-01,Malaysia,21.422744750976562,21.417367935180664,0.0053768157958984375,0.49745645513200026,False
2024-03-01,Mexico,24.018434524536133,24.088865280151367,-0.07043075561523438,-0.25119747751916555,False
2024-03-01,Netherlands,22.750980377197266,22.705883026123047,0.04509735107421875,0.8917173055109644,False
2024-03-01,Saudi Arabia,20.915563583374023,20.86673927307129,0.048824310302734375,0.9265153105226799,False
2024-03-01,Singapore,22.236713409423828,21.996318817138672,0.24039459228515625,1.7529509966657124,False
2024-03-01,Spain,21.453519821166992,21.529714584350586,-0.07619476318359375,0.10708345767339707,False
2024-03-01,Switzerland,21.586132049560547,21.768451690673828,-0.18231964111328125,-0.3125552810957159,False
2024-03-01,Taiwan Province Of China,21.947771072387695,21.92701530456543,0.020755767822265625,0.36814941251083605,False
2024-03-01,Thailand,21.35169792175293,21.223878860473633,0.12781906127929688,1.482859814726735,False
2024-03-01,"Turkiye, Republic Of",21.047061920166016,21.14282989501953,-0.09576797485351562,-0.37050787746667047,False
2024-03-01,United Arab Emirates,21.464574813842773,21.625375747680664,-0.16080093383789062,-1.308711969985919,False
2024-03-01,United Kingdom,22.61542320251465,22.636531829833984,-0.021108627319335938,-0.18378744546230635,False
2024-03-01,Vietnam,20.71446418762207,20.558637619018555,0.15582656860351562,0.489383637689746,False
2024-04-01,Australia,21.64012336730957,21.82908821105957,-0.18896484375,-1.1475347091786854,False
2024-04-01,Belgium,21.812116622924805,21.908958435058594,-0.09684181213378906,-0.3430486146930938,False
2024-04-01,Brazil,22.061487197875977,22.128875732421875,-0.06738853454589844,-0.24559036346066868,False
2024-04-01,Canada,24.146909713745117,24.154821395874023,-0.00791168212890625,0.4222494749007546,False
2024-04-01,Chile,21.062320709228516,21.21742057800293,-0.15509986877441406,-0.9181069240797031,False
2024-04-01,"China, People'S Republic Of",23.17015838623047,23.257295608520508,-0.08713722229003906,-0.5539910400427037,False
2024-04-01,Colombia,21.19485092163086,21.280458450317383,-0.08560752868652344,0.07994637607476733,False
2024-04-01,Dominican Republic,20.742950439453125,20.844249725341797,-0.10129928588867188,-1.043546844664804,False
2024-04-01,France,21.953371047973633,22.139890670776367,-0.18651962280273438,-1.5298495043602744,False
2024-04-01,Germany,22.548738479614258,22.64732551574707,-0.0985870361328125,-0.5360532216120191,False
2024-04-01,"Hong Kong Special Administrative Region, People'S Republic Of China",21.281173706054688,21.72001075744629,-0.43883705139160156,-1.5361120001295059,False
2024-04-01,India,21.94217872619629,22.017059326171875,-0.07488059997558594,-0.18530608932350076,False
2024-04-01,Ireland,21.182964324951172,21.048206329345703,0.13475799560546875,2.047578979655706,True
2024-04-01,Israel,20.902284622192383,21.034496307373047,-0.13221168518066406,-0.5527406997655513,False
2024-04-01,Italy,21.408166885375977,21.87657356262207,-0.46840667724609375,-1.9820911086675743,False
2024-04-01,Japan,22.520322799682617,22.589000701904297,-0.06867790222167969,-0.883047561185879,False
2024-04-01,"Korea, Republic Of",22.356828689575195,22.526302337646484,-0.16947364807128906,-1.2803006638399665,False
2024-04-01,Malaysia,21.375089645385742,21.45445442199707,-0.07936477661132812,-0.18454191749300358,False
2024-04-01,Mexico,24.103796005249023,24.12277603149414,-0.018980026245117188,0.7966388569497349,False
2024-04-01,Netherlands,22.705026626586914,22.82111167907715,-0.11608505249023438,-0.6291763127056635,False
2024-04-01,Saudi Arabia,20.960254669189453,20.91141700744629,0.04883766174316406,0.9265961371641902,False
2024-04-01,Singapore,22.04391860961914,22.15052032470703,-0.10660171508789062,-0.43988015369479544,False
2024-04-01,Spain,21.733903884887695,21.533241271972656,0.20066261291503906,2.143892665157924,True
2024-04-01,Switzerland,21.292654037475586,21.746658325195312,-0.45400428771972656,-1.0614141055477133,False
2024-04-01,Taiwan Province Of China,22.095109939575195,21.937835693359375,0.1572742462158203,1.5520997276116768,False
2024-04-01,Thailand,21.084184646606445,21.3403377532959,-0.2561531066894531,-1.3424472875369449,False
2024-04-01,"Turkiye, Republic Of",20.870960235595703,21.05914878845215,-0.1881885528564453,-0.9198990576259785,False
2024-04-01,United Arab Emirates,21.515939712524414,21.533958435058594,-0.018018722534179688,0.04314139049362506,False
2024-04-01,United Kingdom,22.64289665222168,22.611339569091797,0.03155708312988281,0.31772885324976347,False
2024-04-01,Vietnam,20.524784088134766,20.598838806152344,-0.07405471801757812,-0.6154148172978444,False
2024-05-01,Australia,21.82352638244629,21.746721267700195,0.07680511474609375,1.2106671846434076,False
2024-05-01,Belgium,21.842876434326172,21.876197814941406,-0.033321380615234375,0.23137160511822932,False
2024-05-01,Brazil,22.114648818969727,22.160795211791992,-0.046146392822265625,0.09095421753955797,False
2024-05-01,Canada,24.140867233276367,24.205493927001953,-0.06462669372558594,-0.48446576289525467,False
2024-05-01,Chile,21.109086990356445,21.165441513061523,-0.056354522705078125,-0.09889989273499358,False
2024-05-01,"China, People'S Republic Of",23.150165557861328,23.253293991088867,-0.10312843322753906,-0.7003904279167668,False
2024-05-01,Colombia,20.973228454589844,21.289066314697266,-0.3158378601074219,-2.011004593595583,True
2024-05-01,Dominican Republic,20.858850479125977,20.798086166381836,0.060764312744140625,1.3577717369770235,False
2024-05-01,France,21.99058723449707,22.071014404296875,-0.08042716979980469,-0.23354350601264656,False
2024-05-01,Germany,22.555448532104492,22.618059158325195,-0.06261062622070312,-0.1602463886107171,False
2024-05-01,"Hong Kong Special Administrative Region, People'S Republic Of China",21.482131958007812,21.55706024169922,-0.07492828369140625,-0.1756291200882128,False
2024-05-01,India,22.0332088470459,22.025646209716797,0.0075626373291015625,0.45190341789298805,False
2024-05-01,Ireland,21.176786422729492,21.165103912353516,0.011682510375976562,0.8694512484839163,False
2024-05-01,Israel,20.831588745117188,20.989643096923828,-0.15805435180664062,-0.7288577431407207,False
2024-05-01,Italy,21.62327003479004,21.634443283081055,-0.011173248291015625,0.36969013499431425,False
2024-05-01,Japan,22.634124755859375,22.56350326538086,0.07062149047851562,1.287123706757335,False
2024-05-01,"Korea, Republic Of",22.493350982666016,22.49295997619629,0.0003910064697265625,0.5390396918674168,False
2024-05-01,Malaysia,21.5467586517334,21.464153289794922,0.08260536193847656,1.118990005461434,False
2024-05-01,Mexico,24.09080696105957,24.159149169921875,-0.06834220886230469,-0.20866250861301372,False
2024-05-01,Netherlands,22.64966583251953,22.77914810180664,-0.12948226928710938,-0.755590493643746,False
2024-05-01,Saudi Arabia,20.897932052612305,20.954734802246094,-0.05680274963378906,0.2870726562078107,False
2024-05-01,Singapore,22.178361892700195,22.096223831176758,0.0821380615234375,0.7528543298467197,False
2024-05-01,Spain,21.368762969970703,21.694246292114258,-0.3254833221435547,-1.7269050000851076,False
2024-05-01,Switzerland,21.60159683227539,21.52946662902832,0.07213020324707031,0.38879834234148763,False
2024-05-01,Taiwan Province Of China,22.0125789642334,22.031930923461914,-0.019351959228515625,0.02031696785920514,False
2024-05-01,Thailand,21.013572692871094,21.246828079223633,-0.23325538635253906,-1.1739634824847103,False
2024-05-01,"Turkiye, Republic Of",20.839937210083008,20.95509910583496,-0.11516189575195312,-0.48579442209281526,False
2024-05-01,United Arab Emirates,21.503503799438477,21.555709838867188,-0.05220603942871094,-0.28054206284178346,False
2024-05-01,United Kingdom,22.439306259155273,22.63519287109375,-0.19588661193847656,-1.8481342698930543,False
2024-05-01,Vietnam,20.626785278320312,20.562013626098633,0.06477165222167969,0.05177806997997381,False
2024-06-01,Australia,21.87009048461914,21.83536148071289,0.03472900390625,0.8373218869706978,False
2024-06-01,Belgium,21.886638641357422,21.896053314208984,-0.0094146728515625,0.4475618292756663,False
2024-06-01,Brazil,22.173566818237305,22.143939971923828,0.029626846313476562,1.291448656741857,False
2024-06-01,Canada,24.11736488342285,24.17411231994629,-0.0567474365234375,-0.3584983626149347,False
2024-06-01,Chile,21.197710037231445,21.16510581970215,0.032604217529296875,0.6391159064946379,False
2024-06-01,"China, People'S Republic Of",23.154829025268555,23.1962833404541,-0.041454315185546875,-0.13576444903940185,False
2024-06-01,Colombia,21.02775001525879,21.240724563598633,-0.21297454833984375,-1.0768003983598304,False
2024-06-01,Dominican Republic,20.787796020507812,20.811105728149414,-0.023309707641601562,0.11203543907439995,False
2024-06-01,France,21.93625831604004,22.061790466308594,-0.1255321502685547,-0.7846652407073718,False
2024-06-01,Germany,22.58692169189453,22.61149787902832,-0.024576187133789062,0.2370584601263713,False
2024-06-01,"Hong Kong Special Administrative Region, People'S Republic Of China",21.668031692504883,21.715566635131836,-0.047534942626953125,-0.07321836537942866,False
2024-06-01,India,22.12265968322754,22.042076110839844,0.08058357238769531,1.0162872966241572,False
2024-06-01,Ireland,21.086740493774414,21.208372116088867,-0.12163162231445312,-0.40668490801262364,False
2024-06-01,Israel,21.019847869873047,20.91220474243164,0.10764312744140625,1.0818630758310006,False
2024-06-01,Italy,21.82352066040039,21.652896881103516,0.170623779296875,1.3047635844832606,False
2024-06-01,Japan,22.72925567626953,22.619220733642578,0.11003494262695312,1.9011532424573412,False
2024-06-01,"Korea, Republic Of",22.47382354736328,22.52408790588379,-0.05026435852050781,-0.0035060779329008024,False
2024-06-01,Malaysia,21.568647384643555,21.56877899169922,-0.0001316070556640625,0.4531247956271496,False
2024-06-01,Mexico,24.043514251708984,24.14048194885254,-0.09696769714355469,-0.7916440733102985,False
2024-06-01,Netherlands,22.75252914428711,22.760231018066406,-0.007701873779296875,0.3935115314893246,False
2024-06-01,Saudi Arabia,20.647356033325195,21.069387435913086,-0.4220314025878906,-1.9239401223090045,False
2024-06-01,Singapore,22.127912521362305,22.212446212768555,-0.08453369140625,-0.30042204210177925,False
2024-06-01,Spain,21.36528778076172,21.555461883544922,-0.19017410278320312,-0.7314499837357393,False
2024-06-01,Switzerland,21.3011531829834,21.580333709716797,-0.27918052673339844,-0.5795380857807839,False
2024-06-01,Taiwan Province Of China,22.08828353881836,22.053194046020508,0.03508949279785156,0.4924579925734671,False
2024-06-01,Thailand,21.123838424682617,21.167383193969727,-0.043544769287109375,0.22194694666234718,False
2024-06-01,"Turkiye, Republic Of",20.73061752319336,20.894784927368164,-0.1641674041748047,-0.777106104929119,False
2024-06-01,United Arab Emirates,21.49664306640625,21.54037857055664,-0.043735504150390625,-0.2003435459782179,False
2024-06-01,United Kingdom,22.641286849975586,22.555871963500977,0.08541488647460938,0.8305970166110818,False
2024-06-01,Vietnam,20.684701919555664,20.577713012695312,0.10698890686035156,0.25467217408119286,False
2024-07-01,Australia,21.82027244567871,21.9083309173584,-0.0880584716796875,-0.2521829581325824,False
2024-07-01,Belgium,21.812252044677734,21.917606353759766,-0.10535430908203125,-0.42002778897222587,False
2024-07-01,Brazil,22.15257453918457,22.208358764648438,-0.05578422546386719,-0.061740383142326306,False
2024-07-01,Canada,24.04812240600586,24.21286964416504,-0.1647472381591797,-2.0851147039542126,True
2024-07-01,Chile,21.114988327026367,21.212299346923828,-0.09731101989746094,-0.4386814805749995,False
2024-07-01,"China, People'S Republic Of",23.100008010864258,23.25519561767578,-0.15518760681152344,-1.1769916794237651,False
2024-07-01,Colombia,21.125064849853516,21.23753547668457,-0.11247062683105469,-0.16402417622822432,False
2024-07-01,Dominican Republic,20.81285285949707,20.795394897460938,0.017457962036132812,0.716095595415757,False
2024-07-01,France,21.972454071044922,22.078014373779297,-0.105560302734375,-0.5406363298485902,False
2024-07-01,Germany,22.503795623779297,22.661108016967773,-0.15731239318847656,-1.1494938207678393,False
2024-07-01,"Hong Kong Special Administrative Region, People'S Republic Of China",21.392074584960938,21.610610961914062,-0.218536376953125,-0.7125119040691189,False
2024-07-01,India,21.893997192382812,22.092649459838867,-0.1986522674560547,-1.1419459038314683,False
2024-07-01,Ireland,21.11040496826172,21.18596649169922,-0.0755615234375,0.03431649014200011,False
2024-07-01,Israel,20.95538902282715,20.971681594848633,-0.016292572021484375,0.23724478337902927,False
2024-07-01,Italy,21.604978561401367,21.772768020629883,-0.16778945922851562,-0.43586572337314883,False
2024-07-01,Japan,22.690494537353516,22.724172592163086,-0.03367805480957031,-0.3377783983860766,False
2024-07-01,"Korea, Republic Of",22.389984130859375,22.533063888549805,-0.1430797576904297,-0.9976081281634549,False
2024-07-01,Malaysia,21.83099365234375,21.635520935058594,0.19547271728515625,2.0273438666801114,True
2024-07-01,Mexico,24.079833984375,24.143709182739258,-0.06387519836425781,-0.11768817329044969,False
2024-07-01,Netherlands,22.735136032104492,22.793560028076172,-0.05842399597167969,-0.0850950051972395,False
2024-07-01,Saudi Arabia,20.578479766845703,20.8758487701416,-0.29736900329589844,-1.16926177052646,False
2024-07-01,Singapore,21.757091522216797,22.193981170654297,-0.4368896484375,-2.5271233129096835,True
2024-07-01,Spain,21.272464752197266,21.522624969482422,-0.25016021728515625,-1.1727612179189004,False
2024-07-01,Switzerland,21.298147201538086,21.41714859008789,-0.11900138854980469,-0.13802781782788598,False
2024-07-01,Taiwan Province Of China,22.088573455810547,22.09359359741211,-0.0050201416015625,0.14460900652728362,False
2024-07-01,Thailand,21.19161605834961,21.171672821044922,0.0199432373046875,0.6890982948479936,False
2024-07-01,"Turkiye, Republic Of",20.794076919555664,20.817310333251953,-0.023233413696289062,0.06067150939285528,False
2024-07-01,United Arab Emirates,21.48752784729004,21.5285587310791,-0.0410308837890625,-0.17473636360655928,False
2024-07-01,United Kingdom,22.471450805664062,22.616607666015625,-0.1451568603515625,-1.3650533993713636,False
2024-07-01,Vietnam,21.38971519470215,20.60130500793457,0.7884101867675781,3.5295502135365844,True
2024-08-01,Australia,21.925046920776367,21.89173126220703,0.03331565856933594,0.8247811405710841,False
2024-08-01,Belgium,21.777339935302734,21.925046920776367,-0.1477069854736328,-0.8030263470874235,False
2024-08-01,Brazil,22.284364700317383,22.235340118408203,0.04902458190917969,1.5987718486941156,False
2024-08-01,Canada,24.12484359741211,24.099205017089844,0.025638580322265625,0.9586248249203209,False
2024-08-01,Chile,21.171030044555664,21.183958053588867,-0.012928009033203125,0.2613733430467442,False
2024-08-01,"China, People'S Republic Of",23.205411911010742,23.170822143554688,0.03458976745605469,0.5604184225196412,False
2024-08-01,Colombia,21.302196502685547,21.261184692382812,0.041011810302734375,1.2299027176420847,False
2024-08-01,Dominican Republic,20.860145568847656,20.77106285095215,0.08908271789550781,1.777369432363948,False
2024-08-01,France,21.887311935424805,22.029441833496094,-0.14212989807128906,-0.9874672254550672,False
2024-08-01,Germany,22.63511085510254,22.589033126831055,0.046077728271484375,0.9751038696729319,False
2024-08-01,"Hong Kong Special Administrative Region, People'S Republic Of China",21.352603912353516,21.575578689575195,-0.2229747772216797,-0.7291049848522508,False
2024-08-01,India,22.13385772705078,22.02484130859375,0.10901641845703125,1.2360467386951408,False
2024-08-01,Ireland,21.1145076751709,21.166521072387695,-0.052013397216796875,0.25972856522757537,False
2024-08-01,Israel,20.782024383544922,20.97957420349121,-0.19754981994628906,-0.9980182433377561,False
2024-08-01,Italy,21.881595611572266,21.712453842163086,0.1691417694091797,1.2971408630545838,False
2024-08-01,Japan,22.620223999023438,22.686586380004883,-0.06636238098144531,-0.8469736231129111,False
2024-08-01,"Korea, Republic Of",22.476123809814453,22.49375343322754,-0.017629623413085938,0.3460292079050175,False
2024-08-01,Malaysia,21.949260711669922,21.80794906616211,0.1413116455078125,1.5914568156760458,False
2024-08-01,Mexico,24.126182556152344,24.17807388305664,-0.051891326904296875,0.12637320537379876,False
2024-08-01,Netherlands,22.82855224609375,22.786449432373047,0.042102813720703125,0.863461288416319,False
2024-08-01,Saudi Arabia,20.741371154785156,20.828500747680664,-0.08712959289550781,0.10348071334848821,False
2024-08-01,Singapore,22.13353157043457,21.988679885864258,0.1448516845703125,1.1491708993521974,False
2024-08-01,Spain,21.51057243347168,21.40169334411621,0.10887908935546875,1.4686513964734123,False
2024-08-01,Switzerland,21.402326583862305,21.390897750854492,0.0114288330078125,0.22148393084350032,False
2024-08-01,Taiwan Province Of China,22.035974502563477,22.099559783935547,-0.06358528137207031,-0.3632945132096541,False
2024-08-01,Thailand,21.087034225463867,21.209367752075195,-0.12233352661132812,-0.357788914986775,False
2024-08-01,"Turkiye, Republic Of",20.855409622192383,20.82482147216797,0.030588150024414062,0.3806120794420834,False
2024-08-01,United Arab Emirates,21.605396270751953,21.51825714111328,0.08713912963867188,1.0387695891513509,False
2024-08-01,United Kingdom,22.573104858398438,22.553205490112305,0.019899368286132812,0.2067166984718347,False
2024-08-01,Vietnam,20.65841293334961,20.804994583129883,-0.14658164978027344,-0.9639757781927959,False
2024-09-01,Australia,21.80738639831543,21.96017074584961,-0.1527843475341797,-0.8265017557991011,False
2024-09-01,Belgium,21.737232208251953,21.8427677154541,-0.10553550720214844,-0.42166637771444354,False
2024-09-01,Brazil,22.22120475769043,22.249406814575195,-0.028202056884765625,0.3752508340476061,False
2024-09-01,Canada,24.097715377807617,24.180692672729492,-0.082977294921875,-0.7778408193215336,False
2024-09-01,Chile,21.125959396362305,21.198293685913086,-0.07233428955078125,-0.23147056953486178,False
2024-09-01,"China, People'S Republic Of",23.138023376464844,23.240882873535156,-0.1028594970703125,-0.6979283198907359,False
2024-09-01,Colombia,21.121341705322266,21.33039093017578,-0.20904922485351562,-1.0411506258066099,False
2024-09-01,Dominican Republic,20.779075622558594,20.803430557250977,-0.024354934692382812,0.0965481664218752,False
2024-09-01,France,22.009878158569336,22.00861167907715,0.0012664794921875,0.764642176442943,False
2024-09-01,Germany,22.603750228881836,22.646711349487305,-0.04296112060546875,0.045010847821231374,False
2024-09-01,"Hong Kong Special Administrative Region, People'S Republic Of China",21.871774673461914,21.517986297607422,0.3537883758544922,1.427139835951901,False
2024-09-01,India,21.931617736816406,22.116403579711914,-0.1847858428955078,-1.034771345311575,False
2024-09-01,Ireland,21.074718475341797,21.15643310546875,-0.08171463012695312,-0.02458350615040761,False
2024-09-01,Israel,20.87455940246582,20.90607261657715,-0.031513214111328125,0.1335165372993295,False
2024-09-01,Italy,21.654577255249023,21.825843811035156,-0.1712665557861328,-0.4537501778962865,False
2024-09-01,Japan,22.651512145996094,22.68309783935547,-0.031585693359375,-0.3051811083810966,False
2024-09-01,"Korea, Republic Of",22.4067440032959,22.544151306152344,-0.1374073028564453,-0.9368531345876531,False
2024-09-01,Malaysia,21.660842895507812,21.951818466186523,-0.29097557067871094,-1.8875806861099218,False
2024-09-01,Mexico,24.06671905517578,24.18790054321289,-0.12118148803710938,-1.2847777995784242,False
2024-09-01,Netherlands,22.6224308013916,22.930931091308594,-0.3085002899169922,-2.4447783894731314,True
2024-09-01,Saudi Arabia,20.750810623168945,20.865360260009766,-0.11454963684082031,-0.06251411498771428,False
2024-09-01,Singapore,22.189916610717773,22.087940216064453,0.10197639465332031,0.8782219891966733,False
2024-09-01,Spain,21.288537979125977,21.50954818725586,-0.2210102081298828,-0.9583078127671913,False
2024-09-01,Switzerland,21.442974090576172,21.409912109375,0.033061981201171875,0.28111252645104695,False
2024-09-01,Taiwan Province Of China,21.870655059814453,22.080833435058594,-0.21017837524414062,-1.6346164743372171,False
2024-09-01,Thailand,21.03402328491211,21.20656394958496,-0.17254066467285156,-0.727218252795186,False
2024-09-01,"Turkiye, Republic Of",20.74571418762207,20.84095001220703,-0.09523582458496094,-0.36734452715680677,False
2024-09-01,United Arab Emirates,21.48859405517578,21.59914207458496,-0.11054801940917969,-0.8329204086699176,False
2024-09-01,United Kingdom,22.68746566772461,22.57135009765625,0.11611557006835938,1.1229483980419623,False
2024-09-01,Vietnam,20.762094497680664,20.654861450195312,0.10723304748535156,0.2558455022335809,False
2024-10-01,Australia,21.634984970092773,21.914932250976562,-0.27994728088378906,-1.9548304500801328,False
2024-10-01,Belgium,21.702774047851562,21.80495834350586,-0.10218429565429688,-0.39136111013469116,False
2024-10-01,Brazil,22.093908309936523,22.280981063842773,-0.18707275390625,-2.1417774796663993,True
2024-10-01,Canada,24.13237953186035,24.156883239746094,-0.024503707885742188,0.15698914688368767,False
2024-10-01,Chile,21.19066619873047,21.186670303344727,0.0039958953857421875,0.4017767346969269,False
2024-10-01,"China, People'S Republic Of",23.316160202026367,23.19257164001465,0.12358856201171875,1.3752015615453634,False
2024-10-01,Colombia,21.34010124206543,21.285268783569336,0.05483245849609375,1.3554217904898183,False
2024-10-01,Dominican Republic,20.82737159729004,20.783832550048828,0.04353904724121094,1.1025426141212737,False
2024-10-01,France,22.18572998046875,22.071802139282227,0.11392784118652344,2.141211336761504,True
2024-10-01,Germany,22.634929656982422,22.651540756225586,-0.016611099243164062,0.32026116050880354,False
2024-10-01,"Hong Kong Special Administrative Region, People'S Republic Of China",21.461071014404297,21.728538513183594,-0.2674674987792969,-0.8954422411599939,False
2024-10-01,India,21.84665870666504,22.066431045532227,-0.2197723388671875,-1.3051844026610118,False
2024-10-01,Ireland,20.960201263427734,21.150175094604492,-0.1899738311767578,-1.0608838438939816,False
2024-10-01,Israel,20.867841720581055,20.899324417114258,-0.031482696533203125,0.13372451373257202,False
2024-10-01,Italy,21.692649841308594,21.77504539489746,-0.08239555358886719,0.0033580360648101893,False
2024-10-01,Japan,22.62693214416504,22.725940704345703,-0.09900856018066406,-1.355574549024705,False
2024-10-01,"Korea, Republic Of",22.40131950378418,22.48104476928711,-0.07972526550292969,-0.3190479847156294,False
2024-10-01,Malaysia,21.55353546142578,21.853065490722656,-0.299530029296875,-1.9564267709019076,False
2024-10-01,Mexico,24.092540740966797,24.198928833007812,-0.10638809204101562,-0.9834981476732976,False
2024-10-01,Netherlands,22.7426700592041,22.75048828125,-0.007818222045898438,0.3924136862391505,False
2024-10-01,Saudi Arabia,20.965534210205078,21.009187698364258,-0.04365348815917969,0.36667535143247537,False
2024-10-01,Singapore,22.02623748779297,22.163108825683594,-0.136871337890625,-0.6311679869688809,False
2024-10-01,Spain,21.378068923950195,21.43324089050293,-0.055171966552734375,0.2617458558663001,False
2024-10-01,Switzerland,21.38094711303711,21.43749237060547,-0.056545257568359375,0.03412333392393163,False
2024-10-01,Taiwan Province Of China,21.9361572265625,21.98592185974121,-0.04976463317871094,-0.24343556828166676,False
2024-10-01,Thailand,21.02646255493164,21.153894424438477,-0.12743186950683594,-0.39530305167187485,False
2024-10-01,"Turkiye, Republic Of",21.000593185424805,20.816003799438477,0.18458938598632812,1.2960675180396004,False
2024-10-01,United Arab Emirates,21.57660484313965,21.596487045288086,-0.0198822021484375,0.025498077956875774,False
2024-10-01,United Kingdom,22.757076263427734,22.66929054260254,0.08778572082519531,0.8531736050255068,False
2024-10-01,Vietnam,20.895235061645508,20.638383865356445,0.2568511962890625,0.9749031604974251,False
2024-11-01,Australia,21.900909423828125,21.79462242126465,0.10628700256347656,1.4722627542774545,False
2024-11-01,Belgium,21.712505340576172,21.77849769592285,-0.06599235534667969,-0.06407456925489484,False
2024-11-01,Brazil,22.150646209716797,22.258350372314453,-0.10770416259765625,-0.8843209739124771,False
2024-11-01,Canada,24.078279495239258,24.15273094177246,-0.07445144653320312,-0.6415362249731845,False
2024-11-01,Chile,21.226823806762695,21.19999885559082,0.026824951171875,0.5911701974108947,False
2024-11-01,"China, People'S Republic Of",23.257205963134766,23.249088287353516,0.00811767578125,0.31806666866657346,False
2024-11-01,Colombia,21.242277145385742,21.35887908935547,-0.11660194396972656,-0.20154478232651174,False
2024-11-01,Dominican Republic,20.83399200439453,20.77290153503418,0.06109046936035156,1.362604444319326,False
2024-11-01,France,22.022851943969727,22.195934295654297,-0.1730823516845703,-1.3656642615945294,False
2024-11-01,Germany,22.580732345581055,22.68707847595215,-0.10634613037109375,-0.6171041280190436,False
2024-11-01,"Hong Kong Special Administrative Region, People'S Republic Of China",21.56167221069336,21.678407669067383,-0.11673545837402344,-0.331926385960782,False
2024-11-01,India,22.017297744750977,21.972803115844727,0.04449462890625,0.7373533459013368,False
2024-11-01,Ireland,21.037199020385742,21.073871612548828,-0.03667259216308594,0.4065768820843129,False
2024-11-01,Israel,20.791414260864258,20.889259338378906,-0.09784507751464844,-0.31853323888033447,False
2024-11-01,Italy,21.962400436401367,21.77322006225586,0.1891803741455078,1.4002094748044933,False
2024-11-01,Japan,22.610572814941406,22.635351181030273,-0.024778366088867188,-0.19912848483709136,False
2024-11-01,"Korea, Republic Of",22.361635208129883,22.495119094848633,-0.13348388671875,-0.8948312711762797,False
2024-11-01,Malaysia,21.456619262695312,21.736543655395508,-0.2799243927001953,-1.7986410617431956,False
2024-11-01,Mexico,24.017332077026367,24.134418487548828,-0.11708641052246094,-1.2013781847459968,False
2024-11-01,Netherlands,22.793777465820312,22.770633697509766,0.023143768310546875,0.68456650502729,False
2024-11-01,Saudi Arabia,20.835580825805664,20.951919555664062,-0.11633872985839844,-0.07334488495010702,False
2024-11-01,Singapore,21.87519073486328,22.14285659790039,-0.2676658630371094,-1.4577194601218193,False
2024-11-01,Spain,21.383211135864258,21.467710494995117,-0.08449935913085938,0.04598746041955022,False
2024-11-01,Switzerland,21.358518600463867,21.445180892944336,-0.08666229248046875,-0.048889849345611816,False
2024-11-01,Taiwan Province Of China,22.024028778076172,21.96146011352539,0.06256866455078125,0.7307698638924726,False
2024-11-01,Thailand,21.093700408935547,21.101415634155273,-0.0077152252197265625,0.48558445419306184,False
2024-11-01,"Turkiye, Republic Of",21.112749099731445,20.911882400512695,0.20086669921875,1.392827487732708,False
2024-11-01,United Arab Emirates,21.575166702270508,21.61959457397461,-0.04442787170410156,-0.20689884019606847,False
2024-11-01,United Kingdom,22.57780647277832,22.733240127563477,-0.15543365478515625,-1.4629155541396033,False
2024-11-01,Vietnam,20.925745010375977,20.666629791259766,0.25911521911621094,0.9857839457855857,False
2024-12-01,Australia,21.715837478637695,21.933212280273438,-0.2173748016357422,-1.3996189434867095,False
2024-12-01,Belgium,21.574304580688477,21.774988174438477,-0.20068359375,-1.2820979504042267,False
2024-12-01,Brazil,22.185821533203125,22.20391082763672,-0.01808929443359375,0.5354698668628348,False
2024-12-01,Canada,24.017751693725586,24.19437026977539,-0.1766185760498047,-2.2749043673153144,True
2024-12-01,Chile,21.12726593017578,21.248106002807617,-0.12084007263183594,-0.6338822288446551,False
2024-12-01,"China, People'S Republic Of",23.23247528076172,23.273103713989258,-0.04062843322753906,-0.12820350737081057,False
2024-12-01,Colombia,21.273983001708984,21.33185577392578,-0.057872772216796875,0.33183332587864417,False
2024-12-01,Dominican Republic,20.740131378173828,20.798627853393555,-0.05849647521972656,-0.40933172496533776,False
2024-12-01,France,22.004770278930664,22.108915328979492,-0.10414505004882812,-0.5233438599930639,False
2024-12-01,Germany,22.365203857421875,22.675861358642578,-0.3106575012207031,-2.751325119294277,True
2024-12-01,"Hong Kong Special Administrative Region, People'S Republic Of China",21.473237991333008,21.013408660888672,0.45982933044433594,1.8235768446407719,False
2024-12-01,India,21.893964767456055,22.018741607666016,-0.12477684020996094,-0.570957595634424,False
2024-12-01,Ireland,20.938920974731445,21.108272552490234,-0.16935157775878906,-0.8634793925878712,False
2024-12-01,Israel,20.99763298034668,20.86886978149414,0.12876319885253906,1.2257957661618923,False
2024-12-01,Italy,21.454795837402344,21.90053939819336,-0.4457435607910156,-1.8655233145677812,False
2024-12-01,Japan,22.58926010131836,22.661863327026367,-0.07260322570800781,-0.9442009092535626,False
2024-12-01,"Korea, Republic Of",22.377470016479492,22.486061096191406,-0.10859107971191406,-0.6282161329255099,False
2024-12-01,Malaysia,21.474199295043945,21.616479873657227,-0.14228057861328125,-0.6908868345383654,False
2024-12-01,Mexico,23.924829483032227,24.08159637451172,-0.1567668914794922,-2.0095037492424197,True
2024-12-01,Netherlands,22.720706939697266,22.81121826171875,-0.09051132202148438,-0.3878663272247681,False
2024-12-01,Saudi Arabia,20.964323043823242,20.94101905822754,0.023303985595703125,0.7720209586070991,False
2024-12-01,Singapore,21.985565185546875,22.03114128112793,-0.04557609558105469,-0.054230864116700826,False
2024-12-01,Spain,21.598445892333984,21.45326805114746,0.14517784118652344,1.7356973137306377,False
2024-12-01,Switzerland,20.89528465270996,21.235414505004883,-0.3401298522949219,-0.747535949705943,False
2024-12-01,Taiwan Province Of China,22.005767822265625,22.016775131225586,-0.011007308959960938,0.0926855690267382,False
2024-12-01,Thailand,21.149486541748047,21.150232315063477,-0.0007457733154296875,0.5368664053518178,False
2024-12-01,"Turkiye, Republic Of",21.295560836791992,21.00148582458496,0.29407501220703125,1.9469013334044667,False
2024-12-01,United Arab Emirates,21.583049774169922,21.584054946899414,-0.0010051727294921875,0.20422465336752843,False
2024-12-01,United Kingdom,22.732196807861328,22.668027877807617,0.06416893005371094,0.628279544086319,False
2024-12-01,Vietnam,21.038394927978516,20.6850643157959,0.3533306121826172,1.438578613093068,False
