date,country_imf,y_log_exports,pred_log_exports,residual,residual_z,stgcn_anomaly
2023-01-01,Australia,21.652070999145508,21.591161727905273,0.060909271240234375,0.5488478318268929,False
2023-01-01,Belgium,22.030214309692383,21.576873779296875,0.4533405303955078,2.436985566298658,True
2023-01-01,Brazil,22.002050399780273,22.16946029663086,-0.16740989685058594,-1.6562457231950478,False
2023-01-01,Canada,24.03975486755371,24.16582679748535,-0.12607192993164062,-1.9993101575744685,False
2023-01-01,Chile,21.168498992919922,21.33014488220215,-0.16164588928222656,-0.2589372824869184,False
2023-01-01,"China, People'S Republic Of",23.286670684814453,23.326087951660156,-0.039417266845703125,0.3746374825926638,False
2023-01-01,Colombia,20.98756980895996,21.162084579467773,-0.1745147705078125,-0.7992605772725405,False
2023-01-01,Dominican Republic,20.73191261291504,20.819570541381836,-0.08765792846679688,-1.2538900957812231,False
2023-01-01,France,21.997512817382812,21.934789657592773,0.06272315979003906,1.1654077948713522,False
2023-01-01,Germany,22.59551429748535,22.43535041809082,0.16016387939453125,1.4586702455427885,False
2023-01-01,"Hong Kong Special Administrative Region, People'S Republic Of China",21.17583656311035,21.371408462524414,-0.1955718994140625,-0.9683253020766562,False
2023-01-01,India,21.812776565551758,22.099775314331055,-0.2869987487792969,-1.6312695359676155,False
2023-01-01,Ireland,21.206022262573242,20.858924865722656,0.34709739685058594,2.733799512455948,True
2023-01-01,Israel,20.87097930908203,20.88066291809082,-0.009683609008789062,0.5423311301977589,False
2023-01-01,Italy,21.614229202270508,21.444726943969727,0.16950225830078125,0.9984208400877697,False
2023-01-01,Japan,22.52228355407715,22.56431007385254,-0.042026519775390625,-1.0220629523672682,False
2023-01-01,"Korea, Republic Of",22.396190643310547,22.50985336303711,-0.1136627197265625,-0.9225768243162714,False
2023-01-01,Malaysia,21.07840919494629,21.0853214263916,-0.0069122314453125,-0.42056331406962105,False
2023-01-01,Mexico,24.028778076171875,24.02687644958496,0.0019016265869140625,-0.37710262949532136,False
2023-01-01,Netherlands,22.48280143737793,22.459760665893555,0.023040771484375,-0.9827957901713136,False
2023-01-01,Saudi Arabia,20.79709815979004,20.825294494628906,-0.028196334838867188,0.34364938978479725,False
2023-01-01,Singapore,21.860965728759766,21.97325897216797,-0.11229324340820312,-0.4740370171267265,False
2023-01-01,Spain,21.29947280883789,21.402332305908203,-0.1028594970703125,0.23418089142124743,False
2023-01-01,Switzerland,21.9305362701416,21.799779891967773,0.13075637817382812,0.8965430081417293,False
2023-01-01,Taiwan Province Of China,21.812517166137695,21.964752197265625,-0.1522350311279297,-0.9993579722739921,False
2023-01-01,Thailand,20.83722686767578,20.975563049316406,-0.138336181640625,-1.1133803831556948,False
2023-01-01,"Turkiye, Republic Of",20.847475051879883,20.867637634277344,-0.020162582397460938,0.4238454420141215,False
2023-01-01,United Arab Emirates,21.33097267150879,21.342092514038086,-0.011119842529296875,0.18935114893017832,False
2023-01-01,United Kingdom,22.681798934936523,22.52092170715332,0.16087722778320312,1.185917635614516,False
2023-01-01,Vietnam,20.516159057617188,20.564496994018555,-0.04833793640136719,-0.2890388029173367,False
2023-02-01,Australia,21.677888870239258,21.625333786010742,0.052555084228515625,0.4655232109273939,False
2023-02-01,Belgium,21.902158737182617,21.65822410583496,0.24393463134765625,1.4082347630309822,False
2023-02-01,Brazil,22.000322341918945,22.173824310302734,-0.17350196838378906,-1.734402801810173,False
2023-02-01,Canada,24.020437240600586,24.16546630859375,-0.14502906799316406,-2.3131340160717855,True
2023-02-01,Chile,21.033300399780273,21.340862274169922,-0.30756187438964844,-1.485865736289585,False
2023-02-01,"China, People'S Republic Of",23.18985939025879,23.334726333618164,-0.144866943359375,-0.626556855177391,False
2023-02-01,Colombia,21.161144256591797,21.08674430847168,0.07439994812011719,1.1748186201913629,False
2023-02-01,Dominican Republic,20.75223731994629,20.794082641601562,-0.04184532165527344,-0.6186102900412502,False
2023-02-01,France,22.01058578491211,22.013179779052734,-0.002593994140625,0.45510040970267396,False
2023-02-01,Germany,22.52094268798828,22.43790626525879,0.08303642272949219,0.6762219049275018,False
2023-02-01,"Hong Kong Special Administrative Region, People'S Republic Of China",21.798498153686523,21.429241180419922,0.36925697326660156,1.9144650349057684,False
2023-02-01,India,21.818071365356445,22.0808048248291,-0.26273345947265625,-1.450829817862711,False
2023-02-01,Ireland,21.041318893432617,20.8355655670166,0.20575332641601562,1.6786489067044625,False
2023-02-01,Israel,20.731517791748047,20.860790252685547,-0.1292724609375,-0.3389141320198087,False
2023-02-01,Italy,21.525047302246094,21.419279098510742,0.10576820373535156,0.6314031147739834,False
2023-02-01,Japan,22.573081970214844,22.54587173461914,0.027210235595703125,-0.006711899350691551,False
2023-02-01,"Korea, Republic Of",22.327058792114258,22.47218132019043,-0.14512252807617188,-1.2163600995831945,False
2023-02-01,Malaysia,21.035968780517578,21.124475479125977,-0.08850669860839844,-0.8431541831517273,False
2023-02-01,Mexico,23.941425323486328,24.031829833984375,-0.09040451049804688,-1.6450682323943664,False
2023-02-01,Netherlands,22.51540756225586,22.463260650634766,0.05214691162109375,-0.5614674330300629,False
2023-02-01,Saudi Arabia,20.4796199798584,20.825925827026367,-0.34630584716796875,-1.4750187220752118,False
2023-02-01,Singapore,21.957706451416016,22.029281616210938,-0.07157516479492188,-0.20923927420239383,False
2023-02-01,Spain,21.510547637939453,21.46929931640625,0.041248321533203125,1.3061530865662185,False
2023-02-01,Switzerland,21.640674591064453,21.733549118041992,-0.09287452697753906,0.2063174697044119,False
2023-02-01,Taiwan Province Of China,21.864604949951172,22.05175018310547,-0.18714523315429688,-1.3398759400076197,False
2023-02-01,Thailand,21.109018325805664,21.082120895385742,0.026897430419921875,0.22424021106718625,False
2023-02-01,"Turkiye, Republic Of",20.79853057861328,20.89845085144043,-0.09992027282714844,0.023470726198188675,False
2023-02-01,United Arab Emirates,21.521129608154297,21.358539581298828,0.16259002685546875,1.9426308104738934,False
2023-02-01,United Kingdom,22.558910369873047,22.486652374267578,0.07225799560546875,0.38314891168768334,False
2023-02-01,Vietnam,20.514328002929688,20.614999771118164,-0.10067176818847656,-0.5453988200856746,False
2023-03-01,Australia,21.816537857055664,21.636537551879883,0.18000030517578125,1.7366612290239059,False
2023-03-01,Belgium,22.162029266357422,21.82376480102539,0.33826446533203125,1.8716500389366393,False
2023-03-01,Brazil,22.139020919799805,22.1279239654541,0.011096954345703125,0.6338741360757588,False
2023-03-01,Canada,24.190841674804688,24.1234073638916,0.06743431091308594,1.2040676385949933,False
2023-03-01,Chile,21.395038604736328,21.373987197875977,0.021051406860351562,1.2772652857589082,False
2023-03-01,"China, People'S Republic Of",23.35292625427246,23.315370559692383,0.037555694580078125,1.1054590051308892,False
2023-03-01,Colombia,21.30400848388672,21.037015914916992,0.26699256896972656,2.7022216138751873,True
2023-03-01,Dominican Republic,20.881467819213867,20.89896583557129,-0.017498016357421875,-0.28098812757525443,False
2023-03-01,France,22.017871856689453,22.004194259643555,0.013677597045898438,0.6320498126191287,False
2023-03-01,Germany,22.73960304260254,22.467023849487305,0.2725791931152344,2.5991094546627473,True
2023-03-01,"Hong Kong Special Administrative Region, People'S Republic Of China",21.56855010986328,21.439584732055664,0.1289653778076172,0.688057669857902,False
2023-03-01,India,22.106884002685547,22.0103759765625,0.09650802612304688,1.2205346803440422,False
2023-03-01,Ireland,21.045997619628906,20.927471160888672,0.11852645874023438,1.0274897743621518,False
2023-03-01,Israel,20.898052215576172,20.87940216064453,0.018650054931640625,0.751120718073833,False
2023-03-01,Italy,21.553014755249023,21.439342498779297,0.11367225646972656,0.6769192438687112,False
2023-03-01,Japan,22.586353302001953,22.561525344848633,0.024827957153320312,-0.041647807483410675,False
2023-03-01,"Korea, Republic Of",22.487384796142578,22.47426986694336,0.01311492919921875,0.2613195465120196,False
2023-03-01,Malaysia,21.131906509399414,21.147151947021484,-0.015245437622070312,-0.46372232917094935,False
2023-03-01,Mexico,24.100631713867188,24.011974334716797,0.08865737915039062,0.8146199750684366,False
2023-03-01,Netherlands,22.67409896850586,22.551111221313477,0.12298774719238281,0.46399498588102445,False
2023-03-01,Saudi Arabia,20.847267150878906,20.84526252746582,0.0020046234130859375,0.5163116887468575,False
2023-03-01,Singapore,21.848426818847656,21.98192024230957,-0.13349342346191406,-0.6119059937336199,False
2023-03-01,Spain,21.60272216796875,21.495019912719727,0.10770225524902344,1.800482748146624,False
2023-03-01,Switzerland,21.43830108642578,21.763776779174805,-0.32547569274902344,-0.5115943268654862,False
2023-03-01,Taiwan Province Of China,22.05855941772461,22.067543029785156,-0.008983612060546875,0.39793219691325,False
2023-03-01,Thailand,21.11733055114746,21.049436569213867,0.06789398193359375,0.5561208188500167,False
2023-03-01,"Turkiye, Republic Of",21.11089515686035,20.916685104370117,0.19421005249023438,1.4999721742386323,False
2023-03-01,United Arab Emirates,21.487043380737305,21.389545440673828,0.09749794006347656,1.2856466546280718,False
2023-03-01,United Kingdom,22.677288055419922,22.60443687438965,0.07285118103027344,0.3885223582276783,False
2023-03-01,Vietnam,20.62492561340332,20.668169021606445,-0.043243408203125,-0.26408298959797555,False
2023-04-01,Australia,21.60501480102539,21.69104766845703,-0.08603286743164062,-0.9167523494738835,False
2023-04-01,Belgium,22.04996109008789,21.843259811401367,0.20670127868652344,1.2253180370330379,False
2023-04-01,Brazil,21.965755462646484,22.10312271118164,-0.13736724853515625,-1.27081925316786,False
2023-04-01,Canada,24.09929847717285,24.172880172729492,-0.07358169555664062,-1.1303663417130982,False
2023-04-01,Chile,21.316469192504883,21.319482803344727,-0.00301361083984375,1.0749155916119808,False
2023-04-01,"China, People'S Republic Of",23.29328727722168,23.28535270690918,0.0079345703125,0.8242205710685777,False
2023-04-01,Colombia,21.11125373840332,21.14211082458496,-0.030857086181640625,0.3400519059239091,False
2023-04-01,Dominican Republic,20.880247116088867,20.93939208984375,-0.05914497375488281,-0.8585032014056515,False
2023-04-01,France,21.965408325195312,22.046226501464844,-0.08081817626953125,-0.39556761425813314,False
2023-04-01,Germany,22.508716583251953,22.507658004760742,0.0010585784912109375,-0.15543300714918606,False
2023-04-01,"Hong Kong Special Administrative Region, People'S Republic Of China",21.344112396240234,21.468107223510742,-0.12399482727050781,-0.603008120351082,False
2023-04-01,India,21.901174545288086,21.929861068725586,-0.0286865234375,0.2895723932060362,False
2023-04-01,Ireland,21.017122268676758,21.070627212524414,-0.05350494384765625,-0.25674548284248294,False
2023-04-01,Israel,20.657211303710938,20.88681983947754,-0.22960853576660156,-1.0782864827583394,False
2023-04-01,Italy,21.546356201171875,21.459779739379883,0.08657646179199219,0.5208859113591302,False
2023-04-01,Japan,22.50639533996582,22.5373477935791,-0.03095245361328125,-0.8596627260913937,False
2023-04-01,"Korea, Republic Of",22.400074005126953,22.471405029296875,-0.07133102416992188,-0.5272678627985021,False
2023-04-01,Malaysia,20.966384887695312,21.123136520385742,-0.1567516326904297,-1.1966056732697234,False
2023-04-01,Mexico,23.941526412963867,24.07415771484375,-0.1326313018798828,-2.2251176276331717,True
2023-04-01,Netherlands,22.63181495666504,22.59412956237793,0.037685394287109375,-0.7708063323645952,False
2023-04-01,Saudi Arabia,20.730398178100586,20.850008010864258,-0.11960983276367188,-0.17897193157144026,False
2023-04-01,Singapore,21.927335739135742,21.98148536682129,-0.054149627685546875,-0.09591754948079442,False
2023-04-01,Spain,21.49573516845703,21.482601165771484,0.013134002685546875,1.0970196170419462,False
2023-04-01,Switzerland,21.038366317749023,21.76668930053711,-0.7283229827880859,-1.754962221329898,False
2023-04-01,Taiwan Province Of China,21.882539749145508,21.997896194458008,-0.1153564453125,-0.6396401715784947,False
2023-04-01,Thailand,20.865509033203125,21.0205135345459,-0.15500450134277344,-1.2483159294204271,False
2023-04-01,"Turkiye, Republic Of",20.98987579345703,20.917837142944336,0.07203865051269531,0.8866853540703248,False
2023-04-01,United Arab Emirates,21.356626510620117,21.43741226196289,-0.08078575134277344,-0.5137972758440075,False
2023-04-01,United Kingdom,22.617692947387695,22.611740112304688,0.0059528350830078125,-0.21748492133432368,False
2023-04-01,Vietnam,20.504655838012695,20.62845230102539,-0.12379646301269531,-0.658676349357084,False
2023-05-01,Australia,21.74622917175293,21.723535537719727,0.022693634033203125,0.16768525092681041,False
2023-05-01,Belgium,21.96922492980957,21.930908203125,0.03831672668457031,0.3980932839696437,False
2023-05-01,Brazil,22.122394561767578,22.090818405151367,0.03157615661621094,0.8966081852587895,False
2023-05-01,Canada,24.156341552734375,24.137619018554688,0.0187225341796875,0.39767388447858587,False
2023-05-01,Chile,21.15513801574707,21.382610321044922,-0.22747230529785156,-0.8124359465432519,False
2023-05-01,"China, People'S Republic Of",23.093997955322266,23.30447006225586,-0.21047210693359375,-1.2494465639994945,False
2023-05-01,Colombia,20.9856014251709,21.15479278564453,-0.1691913604736328,-0.7570419689637525,False
2023-05-01,Dominican Republic,20.85097312927246,20.878467559814453,-0.027494430541992188,-0.419607614726393,False
2023-05-01,France,22.012910842895508,22.094449996948242,-0.08153915405273438,-0.40340806371334587,False
2023-05-01,Germany,22.537525177001953,22.574939727783203,-0.03741455078125,-0.5457380613953207,False
2023-05-01,"Hong Kong Special Administrative Region, People'S Republic Of China",21.349397659301758,21.585468292236328,-0.2360706329345703,-1.1750239382473897,False
2023-05-01,India,21.96524429321289,21.991512298583984,-0.02626800537109375,0.3075567952306407,False
2023-05-01,Ireland,21.112730026245117,21.106523513793945,0.006206512451171875,0.18900777083346335,False
2023-05-01,Israel,20.747713088989258,20.939979553222656,-0.19226646423339844,-0.8031143150412222,False
2023-05-01,Italy,21.43067741394043,21.588773727416992,-0.1580963134765625,-0.8880821205285606,False
2023-05-01,Japan,22.571399688720703,22.572786331176758,-0.0013866424560546875,-0.42608265246026544,False
2023-05-01,"Korea, Republic Of",22.38640594482422,22.450363159179688,-0.06395721435546875,-0.45840851138696315,False
2023-05-01,Malaysia,21.083467483520508,21.14281463623047,-0.05934715270996094,-0.6921322049257931,False
2023-05-01,Mexico,24.033065795898438,24.016862869262695,0.016202926635742188,-0.18065245715237185,False
2023-05-01,Netherlands,22.595977783203125,22.511341094970703,0.08463668823242188,-0.09115896412153965,False
2023-05-01,Saudi Arabia,20.75731658935547,20.896820068359375,-0.13950347900390625,-0.2927061603307108,False
2023-05-01,Singapore,21.832921981811523,21.962379455566406,-0.1294574737548828,-0.5856594121321635,False
2023-05-01,Spain,21.477994918823242,21.5845947265625,-0.10659980773925781,0.20635791084206845,False
2023-05-01,Switzerland,21.684307098388672,21.680953979492188,0.003353118896484375,0.5033192577220251,False
2023-05-01,Taiwan Province Of China,21.95218276977539,22.01940155029297,-0.06721878051757812,-0.17010007052067422,False
2023-05-01,Thailand,20.977983474731445,21.00337791442871,-0.025394439697265625,-0.19907972672820226,False
2023-05-01,"Turkiye, Republic Of",20.925724029541016,21.04153060913086,-0.11580657958984375,-0.05627676299329077,False
2023-05-01,United Arab Emirates,21.28449821472168,21.524166107177734,-0.2396678924560547,-2.1174184608868463,True
2023-05-01,United Kingdom,22.557024002075195,22.600074768066406,-0.04305076599121094,-0.6613903506126196,False
2023-05-01,Vietnam,20.553585052490234,20.674541473388672,-0.1209564208984375,-0.6447642542494356,False
2023-06-01,Australia,21.778057098388672,21.73002052307129,0.04803657531738281,0.420455624874674,False
2023-06-01,Belgium,21.964635848999023,21.918386459350586,0.0462493896484375,0.43706416985794094,False
2023-06-01,Brazil,22.094539642333984,22.032215118408203,0.06232452392578125,1.29108854354133,False
2023-06-01,Canada,24.174875259399414,24.15104866027832,0.02382659912109375,0.48216856657324525,False
2023-06-01,Chile,21.11981201171875,21.30528450012207,-0.1854724884033203,-0.4592822439899237,False
2023-06-01,"China, People'S Republic Of",23.033641815185547,23.32588768005371,-0.29224586486816406,-2.0258493575315923,True
2023-06-01,Colombia,20.959745407104492,21.1845703125,-0.2248249053955078,-1.1982574355172197,False
2023-06-01,Dominican Republic,20.734458923339844,20.918895721435547,-0.18443679809570312,-2.5959150486621185,True
2023-06-01,France,22.010080337524414,22.007999420166016,0.0020809173583984375,0.5059388795829026,False
2023-06-01,Germany,22.5671329498291,22.535926818847656,0.031206130981445312,0.1504101184972571,False
2023-06-01,"Hong Kong Special Administrative Region, People'S Republic Of China",21.786897659301758,21.4644832611084,0.3224143981933594,1.6753885122421297,False
2023-06-01,India,21.929948806762695,21.944459915161133,-0.0145111083984375,0.39498254765939644,False
2023-06-01,Ireland,21.197376251220703,21.054519653320312,0.14285659790039062,1.2091172101217624,False
2023-06-01,Israel,21.143646240234375,20.911624908447266,0.23202133178710938,2.3234447582300533,True
2023-06-01,Italy,21.443016052246094,21.549606323242188,-0.10659027099609375,-0.5914803951245958,False
2023-06-01,Japan,22.538070678710938,22.516010284423828,0.022060394287109375,-0.08223387850068485,False
2023-06-01,"Korea, Republic Of",22.309303283691406,22.408559799194336,-0.09925651550292969,-0.7880463842719482,False
2023-06-01,Malaysia,21.118404388427734,21.057964324951172,0.0604400634765625,-0.0717349457340514,False
2023-06-01,Mexico,24.029111862182617,24.029394149780273,-0.00028228759765625,-0.4071020223110958,False
2023-06-01,Netherlands,22.74343490600586,22.543886184692383,0.19954872131347656,1.5722597470638426,False
2023-06-01,Saudi Arabia,20.878999710083008,20.88054656982422,-0.0015468597412109375,0.49600745730392737,False
2023-06-01,Singapore,22.079519271850586,21.867631912231445,0.21188735961914062,1.6341737557040439,False
2023-06-01,Spain,21.363637924194336,21.57967758178711,-0.21603965759277344,-0.6077302990876263,False
2023-06-01,Switzerland,21.596908569335938,21.57068634033203,0.02622222900390625,0.573903615580763,False
2023-06-01,Taiwan Province Of China,21.899110794067383,21.984941482543945,-0.0858306884765625,-0.35164267715044734,False
2023-06-01,Thailand,20.767759323120117,20.92789649963379,-0.16013717651367188,-1.2898666280127595,False
2023-06-01,"Turkiye, Republic Of",20.751873016357422,21.027761459350586,-0.27588844299316406,-0.8598698738531393,False
2023-06-01,United Arab Emirates,21.46938705444336,21.492298126220703,-0.02291107177734375,0.07034051068366177,False
2023-06-01,United Kingdom,22.375118255615234,22.58848762512207,-0.21336936950683594,-2.204243348154061,True
2023-06-01,Vietnam,20.402938842773438,20.663780212402344,-0.26084136962890625,-1.3299980052198384,False
2023-07-01,Australia,21.850114822387695,21.675504684448242,0.17461013793945312,1.6828997270462838,False
2023-07-01,Belgium,21.880224227905273,21.926218032836914,-0.045993804931640625,-0.016100048302633965,False
2023-07-01,Brazil,21.955223083496094,22.056779861450195,-0.10155677795410156,-0.8113955991293577,False
2023-07-01,Canada,24.081993103027344,24.125219345092773,-0.04322624206542969,-0.6278503232016992,False
2023-07-01,Chile,21.286109924316406,21.281076431274414,0.0050334930419921875,1.1425793278096417,False
2023-07-01,"China, People'S Republic Of",23.102739334106445,23.30591583251953,-0.20317649841308594,-1.1801782439551711,False
2023-07-01,Colombia,21.048171997070312,21.15473175048828,-0.10655975341796875,-0.2603266550849744,False
2023-07-01,Dominican Republic,20.80035972595215,20.87595558166504,-0.07559585571289062,-1.086626284152946,False
2023-07-01,France,21.98819923400879,21.99903106689453,-0.010831832885742188,0.3655160150014468,False
2023-07-01,Germany,22.52840805053711,22.536447525024414,-0.008039474487304688,-0.24773160953647783,False
2023-07-01,"Hong Kong Special Administrative Region, People'S Republic Of China",21.300931930541992,21.406139373779297,-0.10520744323730469,-0.5071205130284369,False
2023-07-01,India,21.89968490600586,21.92877197265625,-0.029087066650390625,0.2865939039117405,False
2023-07-01,Ireland,20.971755981445312,21.039993286132812,-0.0682373046875,-0.36672434093336037,False
2023-07-01,Israel,20.84686279296875,20.868274688720703,-0.021411895751953125,0.45590587433441465,False
2023-07-01,Italy,21.485153198242188,21.539533615112305,-0.05438041687011719,-0.29082571324477324,False
2023-07-01,Japan,22.5563907623291,22.539213180541992,0.017177581787109375,-0.15383990317623406,False
2023-07-01,"Korea, Republic Of",22.19647789001465,22.358579635620117,-0.16210174560546875,-1.3749182853735513,False
2023-07-01,Malaysia,21.199352264404297,21.045583724975586,0.15376853942871094,0.4116282421632005,False
2023-07-01,Mexico,23.996938705444336,24.017620086669922,-0.020681381225585938,-0.687314691450579,False
2023-07-01,Netherlands,22.700395584106445,22.541025161743164,0.15937042236328125,0.9906554323075879,False
2023-07-01,Saudi Arabia,20.879379272460938,20.88849449157715,-0.009115219116210938,0.45273828954584633,False
2023-07-01,Singapore,21.89162826538086,21.874431610107422,0.0171966552734375,0.3680614823642304,False
2023-07-01,Spain,21.457313537597656,21.553125381469727,-0.09581184387207031,0.286606140396294,False
2023-07-01,Switzerland,21.28600311279297,21.52075958251953,-0.2347564697265625,-0.23159400886422285,False
2023-07-01,Taiwan Province Of China,21.9677734375,21.962936401367188,0.0048370361328125,0.5327403264110299,False
2023-07-01,Thailand,20.897546768188477,20.93704605102539,-0.03949928283691406,-0.31326308462129016,False
2023-07-01,"Turkiye, Republic Of",20.839574813842773,21.07068634033203,-0.2311115264892578,-0.635094744034533,False
2023-07-01,United Arab Emirates,21.432222366333008,21.48822021484375,-0.05599784851074219,-0.26360926959170583,False
2023-07-01,United Kingdom,22.43069076538086,22.582958221435547,-0.1522674560546875,-1.65074379860828,False
2023-07-01,Vietnam,20.38387107849121,20.614076614379883,-0.23020553588867188,-1.1799267684038224,False
2023-08-01,Australia,21.774770736694336,21.709280014038086,0.06549072265625,0.5945432061192665,False
2023-08-01,Belgium,21.69315528869629,21.97223663330078,-0.2790813446044922,-1.1611919237485016,False
2023-08-01,Brazil,22.04658317565918,22.076814651489258,-0.030231475830078125,0.10365886386770189,False
2023-08-01,Canada,24.164461135864258,24.104537963867188,0.05992317199707031,1.0797253149444819,False
2023-08-01,Chile,21.233562469482422,21.33088493347168,-0.09732246398925781,0.2819235469821299,False
2023-08-01,"China, People'S Republic Of",23.10123634338379,23.27500343322754,-0.17376708984375,-0.9009499493764987,False
2023-08-01,Colombia,21.071184158325195,21.083955764770508,-0.0127716064453125,0.48348323662399056,False
2023-08-01,Dominican Republic,20.779125213623047,20.784847259521484,-0.0057220458984375,-0.11769167390779983,False
2023-08-01,France,21.98110580444336,21.994548797607422,-0.0134429931640625,0.33712031313852026,False
2023-08-01,Germany,22.63996696472168,22.534793853759766,0.10517311096191406,0.9007958209247572,False
2023-08-01,"Hong Kong Special Administrative Region, People'S Republic Of China",21.543106079101562,21.530712127685547,0.012393951416015625,0.09309696968144467,False
2023-08-01,India,22.058530807495117,21.95423126220703,0.10429954528808594,1.2784733887592705,False
2023-08-01,Ireland,21.04537010192871,21.062959671020508,-0.017589569091796875,0.011367139872589836,False
2023-08-01,Israel,20.765527725219727,20.976436614990234,-0.2109088897705078,-0.9404895713118885,False
2023-08-01,Italy,21.700496673583984,21.53757667541504,0.1629199981689453,0.9605163609598966,False
2023-08-01,Japan,22.597585678100586,22.50341796875,0.09416770935058594,0.9752136851161657,False
2023-08-01,"Korea, Republic Of",22.42680549621582,22.330387115478516,0.09641838073730469,1.0392378530042505,False
2023-08-01,Malaysia,21.253835678100586,21.05181312561035,0.20202255249023438,0.6615435369786054,False
2023-08-01,Mexico,24.09303092956543,23.9876766204834,0.10535430908203125,1.0439777783079913,False
2023-08-01,Netherlands,22.63471794128418,22.544822692871094,0.08989524841308594,-0.01503823799844475,False
2023-08-01,Saudi Arabia,20.911304473876953,20.887998580932617,0.023305892944335938,0.6380934592917792,False
2023-08-01,Singapore,22.13449478149414,21.947263717651367,0.18723106384277344,1.4738289729242589,False
2023-08-01,Spain,21.530641555786133,21.547996520996094,-0.017354965209960938,0.8702218890673536,False
2023-08-01,Switzerland,21.66980743408203,21.573360443115234,0.09644699096679688,0.7906488105468188,False
2023-08-01,Taiwan Province Of China,22.00042152404785,21.931957244873047,0.06846427917480469,1.1533674851077507,False
2023-08-01,Thailand,21.089000701904297,20.936540603637695,0.15246009826660156,1.240711425869062,False
2023-08-01,"Turkiye, Republic Of",20.958110809326172,21.000751495361328,-0.04264068603515625,0.3110078672606595,False
2023-08-01,United Arab Emirates,21.38707733154297,21.44620704650879,-0.05912971496582031,-0.2952196655801853,False
2023-08-01,United Kingdom,22.442461013793945,22.520048141479492,-0.07758712768554688,-0.9742424293897527,False
2023-08-01,Vietnam,20.463134765625,20.61285972595215,-0.14972496032714844,-0.7856884520389991,False
2023-09-01,Australia,21.780080795288086,21.760793685913086,0.019287109375,0.13370859044130695,False
2023-09-01,Belgium,21.735483169555664,21.996782302856445,-0.26129913330078125,-1.0738330468221744,False
2023-09-01,Brazil,22.021459579467773,22.030147552490234,-0.008687973022460938,0.38004715533853456,False
2023-09-01,Canada,24.116456985473633,24.13509750366211,-0.018640518188476562,-0.220848659449771,False
2023-09-01,Chile,21.258563995361328,21.32549285888672,-0.06692886352539062,0.5374868644293272,False
2023-09-01,"China, People'S Republic Of",23.189687728881836,23.275524139404297,-0.08583641052246094,-0.06609012653640732,False
2023-09-01,Colombia,21.26813316345215,21.1625919342041,0.10554122924804688,1.4217921844542007,False
2023-09-01,Dominican Republic,20.72764015197754,20.76061248779297,-0.03297233581542969,-0.49556929514960807,False
2023-09-01,France,22.05708122253418,21.993589401245117,0.0634918212890625,1.1737667925709574,False
2023-09-01,Germany,22.632078170776367,22.52696418762207,0.10511398315429688,0.9001959767582989,False
2023-09-01,"Hong Kong Special Administrative Region, People'S Republic Of China",21.996809005737305,21.620689392089844,0.37611961364746094,1.9494907822303245,False
2023-09-01,India,21.988924026489258,21.950634002685547,0.03829002380371094,0.7876183530593389,False
2023-09-01,Ireland,20.838773727416992,21.0107364654541,-0.17196273803710938,-1.1410472643795149,False
2023-09-01,Israel,20.655860900878906,20.949691772460938,-0.29383087158203125,-1.5515381968865987,False
2023-09-01,Italy,21.918378829956055,21.539175033569336,0.37920379638671875,2.2060041646994386,True
2023-09-01,Japan,22.622461318969727,22.524608612060547,0.09785270690917969,1.0292538568634944,False
2023-09-01,"Korea, Republic Of",22.497791290283203,22.284687042236328,0.213104248046875,2.128893450858291,True
2023-09-01,Malaysia,21.273405075073242,21.07263946533203,0.20076560974121094,0.6550336283148893,False
2023-09-01,Mexico,24.038345336914062,24.00841522216797,0.02993011474609375,0.007911411926343457,False
2023-09-01,Netherlands,22.562414169311523,22.572397232055664,-0.009983062744140625,-1.460835054623713,False
2023-09-01,Saudi Arabia,21.27501678466797,20.865800857543945,0.40921592712402344,2.844384833827319,True
2023-09-01,Singapore,22.14929962158203,22.016191482543945,0.13310813903808594,1.1218568559474524,False
2023-09-01,Spain,21.520612716674805,21.582115173339844,-0.06150245666503906,0.5418227516447751,False
2023-09-01,Switzerland,21.403270721435547,21.5011043548584,-0.09783363342285156,0.19101143714121604,False
2023-09-01,Taiwan Province Of China,21.77851104736328,21.970983505249023,-0.1924724578857422,-1.3918382786340755,False
2023-09-01,Thailand,21.106897354125977,20.923694610595703,0.18320274353027344,1.4895832801653148,False
2023-09-01,"Turkiye, Republic Of",20.661813735961914,21.019804000854492,-0.3579902648925781,-1.2720118683599508,False
2023-09-01,United Arab Emirates,21.380334854125977,21.528642654418945,-0.14830780029296875,-1.1953074027551902,False
2023-09-01,United Kingdom,22.546701431274414,22.509174346923828,0.03752708435058594,0.06853448066913699,False
2023-09-01,Vietnam,20.49970817565918,20.56216812133789,-0.06245994567871094,-0.35821620531963916,False
2023-10-01,Australia,21.78847885131836,21.802249908447266,-0.01377105712890625,-0.19601340257926753,False
2023-10-01,Belgium,21.71158790588379,21.951135635375977,-0.2395477294921875,-0.9669746715708779,False
2023-10-01,Brazil,21.998842239379883,22.078012466430664,-0.07917022705078125,-0.5241915816886173,False
2023-10-01,Canada,24.101028442382812,24.11337661743164,-0.012348175048828125,-0.11668275652365691,False
2023-10-01,Chile,21.001625061035156,21.355464935302734,-0.3538398742675781,-1.8749923614054527,False
2023-10-01,"China, People'S Republic Of",23.48360824584961,23.28071403503418,0.2028942108154297,2.6752692856647893,True
2023-10-01,Colombia,21.092201232910156,21.18541717529297,-0.0932159423828125,-0.15450029043851055,False
2023-10-01,Dominican Republic,20.807598114013672,20.786338806152344,0.021259307861328125,0.25645663085083525,False
2023-10-01,France,22.101125717163086,22.02804946899414,0.07307624816894531,1.2779949896938252,False
2023-10-01,Germany,22.513364791870117,22.57325553894043,-0.0598907470703125,-0.773756243896756,False
2023-10-01,"Hong Kong Special Administrative Region, People'S Republic Of China",21.530258178710938,21.567386627197266,-0.037128448486328125,-0.15965692235156642,False
2023-10-01,India,21.967212677001953,22.023303985595703,-0.05609130859375,0.08578699234679506,False
2023-10-01,Ireland,21.033967971801758,21.068880081176758,-0.034912109375,-0.11794772149216275,False
2023-10-01,Israel,20.929706573486328,20.941158294677734,-0.01145172119140625,0.5293019852660106,False
2023-10-01,Italy,21.52791976928711,21.614578247070312,-0.08665847778320312,-0.47670154641805484,False
2023-10-01,Japan,22.624114990234375,22.55436134338379,0.06975364685058594,0.6171835617384197,False
2023-10-01,"Korea, Republic Of",22.57362174987793,22.34349250793457,0.23012924194335938,2.2878791132223357,True
2023-10-01,Malaysia,21.373414993286133,21.13850975036621,0.23490524291992188,0.831848279562011,False
2023-10-01,Mexico,24.11338996887207,23.986610412597656,0.12677955627441406,1.3382862320194278,False
2023-10-01,Netherlands,22.733951568603516,22.598325729370117,0.13562583923339844,0.6469387404300367,False
2023-10-01,Saudi Arabia,21.04717445373535,20.885770797729492,0.16140365600585938,1.4276140120106156,False
2023-10-01,Singapore,22.16109275817871,21.992340087890625,0.16875267028808594,1.3536603138718448,False
2023-10-01,Spain,21.44074249267578,21.600589752197266,-0.15984725952148438,-0.18973293506764063,False
2023-10-01,Switzerland,22.22308921813965,21.62260627746582,0.6004829406738281,2.346330412527641,True
2023-10-01,Taiwan Province Of China,21.881555557250977,21.999860763549805,-0.11830520629882812,-0.6684027120426912,False
2023-10-01,Thailand,20.93259048461914,21.004676818847656,-0.07208633422851562,-0.5770660149260105,False
2023-10-01,"Turkiye, Republic Of",20.85226821899414,21.039260864257812,-0.18699264526367188,-0.4136228779656039,False
2023-10-01,United Arab Emirates,21.557842254638672,21.546571731567383,0.011270523071289062,0.4153404537467196,False
2023-10-01,United Kingdom,22.510202407836914,22.50568962097168,0.004512786865234375,-0.23052978351341105,False
2023-10-01,Vietnam,20.5356388092041,20.55003547668457,-0.01439666748046875,-0.12277571867247282,False
2023-11-01,Australia,21.711589813232422,21.816539764404297,-0.104949951171875,-1.1054312513189133,False
2023-11-01,Belgium,21.722837448120117,21.910707473754883,-0.18787002563476562,-0.7130970129371859,False
2023-11-01,Brazil,22.010738372802734,22.072647094726562,-0.061908721923828125,-0.3027383689563432,False
2023-11-01,Canada,24.090435028076172,24.118520736694336,-0.028085708618164062,-0.37720802631552336,False
2023-11-01,Chile,21.05790138244629,21.386615753173828,-0.32871437072753906,-1.6637256164583594,False
2023-11-01,"China, People'S Republic Of",23.35776138305664,23.29180335998535,0.06595802307128906,1.3751255551387374,False
2023-11-01,Colombia,21.072765350341797,21.159940719604492,-0.08717536926269531,-0.10659404446433232,False
2023-11-01,Dominican Republic,20.797607421875,20.828134536743164,-0.030527114868164062,-0.46166160911111165,False
2023-11-01,France,22.10106658935547,22.057924270629883,0.04314231872558594,0.9524711437940664,False
2023-11-01,Germany,22.601394653320312,22.575624465942383,0.025770187377929688,0.09526315480673686,False
2023-11-01,"Hong Kong Special Administrative Region, People'S Republic Of China",21.49274253845215,21.586423873901367,-0.09368133544921875,-0.4482932225664323,False
2023-11-01,India,21.839448928833008,22.033863067626953,-0.1944141387939453,-0.9427988272323409,False
2023-11-01,Ireland,21.09203338623047,21.04981803894043,0.04221534729003906,0.45781808438831517,False
2023-11-01,Israel,20.90840721130371,20.915794372558594,-0.0073871612548828125,0.5592535579192529,False
2023-11-01,Italy,21.556896209716797,21.643020629882812,-0.08612442016601562,-0.4736261322900327,False
2023-11-01,Japan,22.521116256713867,22.556398391723633,-0.035282135009765625,-0.9231571307841658,False
2023-11-01,"Korea, Republic Of",22.431236267089844,22.38313865661621,0.04809761047363281,0.5880007064289975,False
2023-11-01,Malaysia,21.3657169342041,21.13262176513672,0.2330951690673828,0.8224736159476461,False
2023-11-01,Mexico,23.978981018066406,24.01409912109375,-0.03511810302734375,-0.8856250881515372,False
2023-11-01,Netherlands,22.592987060546875,22.605947494506836,-0.012960433959960938,-1.5039342397808226,False
2023-11-01,Saudi Arabia,20.725234985351562,20.996675491333008,-0.2714405059814453,-1.047005087077117,False
2023-11-01,Singapore,21.959535598754883,22.067167282104492,-0.10763168334960938,-0.44372196729971375,False
2023-11-01,Spain,21.4652099609375,21.61777687072754,-0.15256690979003906,-0.13557673064605666,False
2023-11-01,Switzerland,21.083154678344727,21.630495071411133,-0.5473403930664062,-1.1963685629360652,False
2023-11-01,Taiwan Province Of China,21.867122650146484,21.919363021850586,-0.05224037170410156,-0.023999016015282933,False
2023-11-01,Thailand,21.03096580505371,21.011343002319336,0.019622802734375,0.16534970031610616,False
2023-11-01,"Turkiye, Republic Of",20.85443878173828,21.000749588012695,-0.14631080627441406,-0.2094045808152779,False
2023-11-01,United Arab Emirates,21.58814811706543,21.525070190429688,0.06307792663574219,0.9382403172297157,False
2023-11-01,United Kingdom,22.497852325439453,22.489912033081055,0.007940292358398438,-0.19948128373086793,False
2023-11-01,Vietnam,20.690876007080078,20.559614181518555,0.13126182556152344,0.5907400416269101,False
2023-12-01,Australia,21.83210563659668,21.813236236572266,0.018869400024414062,0.129542359396332,False
2023-12-01,Belgium,21.674894332885742,21.915048599243164,-0.24015426635742188,-0.9699544123048233,False
2023-12-01,Brazil,22.040790557861328,22.073619842529297,-0.03282928466796875,0.07033076710070107,False
2023-12-01,Canada,24.053081512451172,24.107505798339844,-0.054424285888671875,-0.8132271089183454,False
2023-12-01,Chile,21.129972457885742,21.304868698120117,-0.174896240234375,-0.37035230390553653,False
2023-12-01,"China, People'S Republic Of",23.21238899230957,23.307510375976562,-0.09512138366699219,-0.15424651398105202,False
2023-12-01,Colombia,21.14603042602539,21.168167114257812,-0.022136688232421875,0.40921115966370797,False
2023-12-01,Dominican Republic,20.852991104125977,20.80059814453125,0.05239295959472656,0.688184524147541,False
2023-12-01,France,22.112995147705078,22.08856773376465,0.024427413940429688,0.7489513288349462,False
2023-12-01,Germany,22.524106979370117,22.578393936157227,-0.054286956787109375,-0.7169064967659671,False
2023-12-01,"Hong Kong Special Administrative Region, People'S Republic Of China",21.514455795288086,21.533329010009766,-0.018873214721679688,-0.06648531933785708,False
2023-12-01,India,21.88727378845215,22.019695281982422,-0.13242149353027344,-0.4818137841694891,False
2023-12-01,Ireland,21.0843505859375,21.125579833984375,-0.041229248046875,-0.16510592682579636,False
2023-12-01,Israel,21.17571258544922,20.999221801757812,0.17649078369140625,1.914242465303495,False
2023-12-01,Italy,21.82270050048828,21.708515167236328,0.11418533325195312,0.6798738381559896,False
2023-12-01,Japan,22.569141387939453,22.53693389892578,0.032207489013671875,0.06657239152819083,False
2023-12-01,"Korea, Republic Of",22.461536407470703,22.417810440063477,0.04372596740722656,0.547176693641815,False
2023-12-01,Malaysia,21.39358901977539,21.20337677001953,0.19021224975585938,0.6003760795495771,False
2023-12-01,Mexico,23.895090103149414,23.984115600585938,-0.08902549743652344,-1.6261253843543622,False
2023-12-01,Netherlands,22.774446487426758,22.645389556884766,0.1290569305419922,0.55184995524036,False
2023-12-01,Saudi Arabia,20.86393165588379,21.010103225708008,-0.14617156982421875,-0.3308283907949878,False
2023-12-01,Singapore,22.027151107788086,22.08043670654297,-0.05328559875488281,-0.09029859793757151,False
2023-12-01,Spain,21.42250633239746,21.657978057861328,-0.2354717254638672,-0.7522792670328967,False
2023-12-01,Switzerland,20.977815628051758,21.79238510131836,-0.8145694732666016,-2.021157675346279,True
2023-12-01,Taiwan Province Of China,22.09804916381836,21.933303833007812,0.16474533081054688,2.092503500691304,True
2023-12-01,Thailand,20.96042251586914,20.979604721069336,-0.019182205200195312,-0.14878963928293013,False
2023-12-01,"Turkiye, Republic Of",21.257043838500977,21.018741607666016,0.23830223083496094,1.7213099948220674,False
2023-12-01,United Arab Emirates,21.540767669677734,21.487186431884766,0.05358123779296875,0.8423888180661108,False
2023-12-01,United Kingdom,22.71517562866211,22.494291305541992,0.2208843231201172,1.7294996343115605,False
2023-12-01,Vietnam,20.53510093688965,20.56596565246582,-0.030864715576171875,-0.20344531515295355,False
2024-01-01,Australia,21.63188362121582,21.798112869262695,-0.166229248046875,-1.7166306623369736,False
2024-01-01,Belgium,21.67903709411621,21.828786849975586,-0.149749755859375,-0.5258231188848876,False
2024-01-01,Brazil,21.9801025390625,22.102018356323242,-0.12191581726074219,-1.0725880403121526,False
2024-01-01,Canada,24.006431579589844,24.07361602783203,-0.0671844482421875,-1.024463814154994,False
2024-01-01,Chile,20.9672794342041,21.260543823242188,-0.29326438903808594,-1.3656459290988607,False
2024-01-01,"China, People'S Republic Of",23.213802337646484,23.29526138305664,-0.08145904541015625,-0.02452913450981332,False
2024-01-01,Colombia,21.093637466430664,21.168588638305664,-0.074951171875,-0.009647050322081518,False
2024-01-01,Dominican Republic,20.741548538208008,20.776004791259766,-0.03445625305175781,-0.5161466584397408,False
2024-01-01,France,21.94996452331543,22.0914249420166,-0.14146041870117188,-1.055036529546583,False
2024-01-01,Germany,22.571510314941406,22.562152862548828,0.009357452392578125,-0.0712419759149918,False
2024-01-01,"Hong Kong Special Administrative Region, People'S Republic Of China",21.54439926147461,21.55154037475586,-0.00714111328125,-0.0066066723691677,False
2024-01-01,India,21.751028060913086,21.978832244873047,-0.22780418395996094,-1.1910913681177722,False
2024-01-01,Ireland,21.028274536132812,21.174236297607422,-0.14596176147460938,-0.9469468250352838,False
2024-01-01,Israel,21.01764488220215,20.99286460876465,0.0247802734375,0.7962940425729041,False
2024-01-01,Italy,21.767240524291992,21.68368148803711,0.08355903625488281,0.503509821535805,False
2024-01-01,Japan,22.452943801879883,22.536083221435547,-0.08313941955566406,-1.6249800859147148,False
2024-01-01,"Korea, Republic Of",22.37359046936035,22.420211791992188,-0.04662132263183594,-0.29651957062662226,False
2024-01-01,Malaysia,21.322559356689453,21.24432373046875,0.07823562622070312,0.020431135954067793,False
2024-01-01,Mexico,23.998111724853516,23.94934844970703,0.048763275146484375,0.26661359940490886,False
2024-01-01,Netherlands,22.58976936340332,22.616220474243164,-0.02645111083984375,-1.6992196572159515,False
2024-01-01,Saudi Arabia,20.701078414916992,20.996105194091797,-0.2950267791748047,-1.1818504823635159,False
2024-01-01,Singapore,21.878498077392578,22.114086151123047,-0.23558807373046875,-1.2758477580914407,False
2024-01-01,Spain,21.49789047241211,21.63106346130371,-0.13317298889160156,0.008688474111256872,False
2024-01-01,Switzerland,21.697214126586914,21.669275283813477,0.0279388427734375,0.5792018576218692,False
2024-01-01,Taiwan Province Of China,21.86044692993164,21.914339065551758,-0.05389213562011719,-0.04011050375266595,False
2024-01-01,Thailand,21.005939483642578,20.994178771972656,0.011760711669921875,0.10170347972985758,False
2024-01-01,"Turkiye, Republic Of",21.027889251708984,21.001859664916992,0.026029586791992188,0.6557249825639174,False
2024-01-01,United Arab Emirates,21.366540908813477,21.457500457763672,-0.09095954895019531,-0.6164829349198598,False
2024-01-01,United Kingdom,22.61856460571289,22.480710983276367,0.13785362243652344,0.9773553424174777,False
2024-01-01,Vietnam,20.489093780517578,20.581531524658203,-0.092437744140625,-0.5050640218454343,False
2024-02-01,Australia,21.701326370239258,21.809654235839844,-0.10832786560058594,-1.139122553513665,False
2024-02-01,Belgium,21.754648208618164,21.763294219970703,-0.008646011352539062,0.1673788929281302,False
2024-02-01,Brazil,22.048141479492188,22.098819732666016,-0.050678253173828125,-0.15865919585494764,False
2024-02-01,Canada,24.076614379882812,24.081531524658203,-0.004917144775390625,0.0063334174078800865,False
2024-02-01,Chile,21.057931900024414,21.323989868164062,-0.26605796813964844,-1.1368818776356149,False
2024-02-01,"China, People'S Republic Of",23.213346481323242,23.289621353149414,-0.07627487182617188,0.024692118792270554,False
2024-02-01,Colombia,21.077165603637695,21.214366912841797,-0.13720130920410156,-0.5033370250171415,False
2024-02-01,Dominican Republic,20.771371841430664,20.73314094543457,0.03823089599609375,0.4918003050868267,False
2024-02-01,France,22.147382736206055,22.119674682617188,0.027708053588867188,0.7846274480491418,False
2024-02-01,Germany,22.535581588745117,22.591035842895508,-0.055454254150390625,-0.728748581600563,False
2024-02-01,"Hong Kong Special Administrative Region, People'S Republic Of China",21.84307861328125,21.598276138305664,0.24480247497558594,1.2792704787836773,False
2024-02-01,India,21.78934097290039,21.984838485717773,-0.1954975128173828,-0.9508549316092931,False
2024-02-01,Ireland,20.975364685058594,21.21265983581543,-0.23729515075683594,-1.6287616385621697,False
2024-02-01,Israel,21.052196502685547,21.047204971313477,0.0049915313720703125,0.650471627614017,False
2024-02-01,Italy,21.734468460083008,21.735599517822266,-0.0011310577392578125,0.015815042562806764,False
2024-02-01,Japan,22.496362686157227,22.540803909301758,-0.04444122314453125,-1.0574743692575983,False
2024-02-01,"Korea, Republic Of",22.343122482299805,22.416135787963867,-0.0730133056640625,-0.5429776268815278,False
2024-02-01,Malaysia,21.305994033813477,21.31357192993164,-0.0075778961181640625,-0.42401089847574686,False
2024-02-01,Mexico,24.01578712463379,23.96693229675293,0.048854827880859375,0.267871215872295,False
2024-02-01,Netherlands,22.701732635498047,22.62103843688965,0.08069419860839844,-0.14822880122579687,False
2024-02-01,Saudi Arabia,20.70467758178711,21.026165008544922,-0.3214874267578125,-1.333129001594327,False
2024-02-01,Singapore,22.003047943115234,22.150497436523438,-0.14744949340820312,-0.7026650852165383,False
2024-02-01,Spain,21.37253189086914,21.637470245361328,-0.2649383544921875,-0.9714721415702431,False
2024-02-01,Switzerland,21.904949188232422,21.500019073486328,0.40493011474609375,1.7427664530760185,False
2024-02-01,Taiwan Province Of China,21.85601043701172,21.997709274291992,-0.14169883728027344,-0.8965867733579369,False
2024-02-01,Thailand,21.22861099243164,21.01247215270996,0.2161388397216797,1.75621184326171,False
2024-02-01,"Turkiye, Republic Of",21.155956268310547,21.08003807067871,0.07591819763183594,0.9061602481771166,False
2024-02-01,United Arab Emirates,21.71696662902832,21.5098876953125,0.2070789337158203,2.3916639934405706,True
2024-02-01,United Kingdom,22.56952476501465,22.51071548461914,0.05880928039550781,0.26132199350921276,False
2024-02-01,Vietnam,20.57808494567871,20.588680267333984,-0.010595321655273438,-0.10415462696693678,False
2024-03-01,Australia,21.847227096557617,21.796344757080078,0.05088233947753906,0.448839262861444,False
2024-03-01,Belgium,21.907493591308594,21.768003463745117,0.13949012756347656,0.895129030797929,False
2024-03-01,Brazil,22.091421127319336,22.07809829711914,0.013322830200195312,0.6624305890325062,False
2024-03-01,Canada,24.151498794555664,24.07651710510254,0.074981689453125,1.3290098871183742,False
2024-03-01,Chile,21.30436897277832,21.224775314331055,0.07959365844726562,1.769515358078132,False
2024-03-01,"China, People'S Republic Of",23.26120376586914,23.287181854248047,-0.02597808837890625,0.5022360663919585,False
2024-03-01,Colombia,21.158000946044922,21.263282775878906,-0.10528182983398438,-0.25019176881951827,False
2024-03-01,Dominican Republic,20.884000778198242,20.802776336669922,0.08122444152832031,1.0879884103861617,False
2024-03-01,France,22.044981002807617,22.125139236450195,-0.08015823364257812,-0.3883909065557426,False
2024-03-01,Germany,22.634000778198242,22.5884952545166,0.045505523681640625,0.2954756577210572,False
2024-03-01,"Hong Kong Special Administrative Region, People'S Republic Of China",21.67440414428711,21.553524017333984,0.120880126953125,0.646791926970522,False
2024-03-01,India,22.128948211669922,21.979934692382812,0.14901351928710938,1.6109720769791473,False
2024-03-01,Ireland,20.963092803955078,21.1916561126709,-0.2285633087158203,-1.5635773801028174,False
2024-03-01,Israel,21.028446197509766,21.049970626831055,-0.021524429321289062,0.45507661915537134,False
2024-03-01,Italy,21.826887130737305,21.81130027770996,0.01558685302734375,0.11208648839178587,False
2024-03-01,Japan,22.634000778198242,22.535200119018555,0.0988006591796875,1.0431554952477708,False
2024-03-01,"Korea, Republic Of",22.578487396240234,22.436325073242188,0.14216232299804688,1.4664116307856627,False
2024-03-01,Malaysia,21.422744750976562,21.3112850189209,0.11145973205566406,0.19250412383459814,False
2024-03-01,Mexico,24.018434524536133,23.991098403930664,0.02733612060546875,-0.0277210546495983,False
2024-03-01,Netherlands,22.750980377197266,22.61046028137207,0.1405200958251953,0.7177859595928446,False
2024-03-01,Saudi Arabia,20.915563583374023,21.012971878051758,-0.09740829467773438,-0.05204322373271461,False
2024-03-01,Singapore,22.236713409423828,22.09747886657715,0.1392345428466797,1.1616980752782073,False
2024-03-01,Spain,21.453519821166992,21.63931655883789,-0.18579673767089844,-0.38276284367535607,False
2024-03-01,Switzerland,21.586132049560547,21.62709617614746,-0.04096412658691406,0.3665363090274652,False
2024-03-01,Taiwan Province Of China,21.947771072387695,22.04054832458496,-0.09277725219726562,-0.41940022719611586,False
2024-03-01,Thailand,21.35169792175293,21.047452926635742,0.3042449951171875,2.4694602342225496,True
2024-03-01,"Turkiye, Republic Of",21.047061920166016,21.135696411132812,-0.08863449096679688,0.08012409317453445,False
2024-03-01,United Arab Emirates,21.464574813842773,21.53801918029785,-0.07344436645507812,-0.43969958147149985,False
2024-03-01,United Kingdom,22.61542320251465,22.543987274169922,0.07143592834472656,0.3757021095695553,False
2024-03-01,Vietnam,20.71446418762207,20.59627914428711,0.11818504333496094,0.5266827387000886,False
2024-04-01,Australia,21.64012336730957,21.761333465576172,-0.12121009826660156,-1.2676098798961346,False
2024-04-01,Belgium,21.812116622924805,21.82940101623535,-0.017284393310546875,0.12494101310411045,False
2024-04-01,Brazil,22.061487197875977,22.117128372192383,-0.05564117431640625,-0.22233005326150865,False
2024-04-01,Canada,24.146909713745117,24.084867477416992,0.062042236328125,1.1148051325106876,False
2024-04-01,Chile,21.062320709228516,21.20298957824707,-0.1406688690185547,-0.08255288554407075,False
2024-04-01,"China, People'S Republic Of",23.17015838623047,23.267484664916992,-0.09732627868652344,-0.17518093959444753,False
2024-04-01,Colombia,21.19485092163086,21.21537971496582,-0.020528793334960938,0.4219629643230803,False
2024-04-01,Dominican Republic,20.742950439453125,20.81170654296875,-0.068756103515625,-0.9917799798362158,False
2024-04-01,France,21.953371047973633,22.12261962890625,-0.1692485809326172,-1.3572257044486846,False
2024-04-01,Germany,22.548738479614258,22.54560089111328,0.0031375885009765625,-0.1343417122640397,False
2024-04-01,"Hong Kong Special Administrative Region, People'S Republic Of China",21.281173706054688,21.596250534057617,-0.3150768280029297,-1.578258097690903,False
2024-04-01,India,21.94217872619629,21.941925048828125,0.0002536773681640625,0.5047753363600775,False
2024-04-01,Ireland,21.182964324951172,21.127981185913086,0.05498313903808594,0.5531311962552666,False
2024-04-01,Israel,20.902284622192383,21.04758071899414,-0.1452960968017578,-0.4569916364120603,False
2024-04-01,Italy,21.408166885375977,21.704771041870117,-0.2966041564941406,-1.6856907746311054,False
2024-04-01,Japan,22.520322799682617,22.52376365661621,-0.00344085693359375,-0.45620753081009613,False
2024-04-01,"Korea, Republic Of",22.356828689575195,22.41631317138672,-0.05948448181152344,-0.4166404878328869,False
2024-04-01,Malaysia,21.375089645385742,21.34100914001465,0.03408050537109375,-0.20825533683049377,False
2024-04-01,Mexico,24.103796005249023,23.996950149536133,0.10684585571289062,1.0644664465891578,False
2024-04-01,Netherlands,22.705026626586914,22.598514556884766,0.10651206970214844,0.22549994335244491,False
2024-04-01,Saudi Arabia,20.960254669189453,20.962968826293945,-0.0027141571044921875,0.4893338860670459,False
2024-04-01,Singapore,22.04391860961914,22.023155212402344,0.020763397216796875,0.39125671279651925,False
2024-04-01,Spain,21.733903884887695,21.6166934967041,0.11721038818359375,1.8712107227448938,False
2024-04-01,Switzerland,21.292654037475586,21.6947078704834,-0.4020538330078125,-0.7479489043192364,False
2024-04-01,Taiwan Province Of China,22.095109939575195,21.956626892089844,0.13848304748535156,1.836338287462636,False
2024-04-01,Thailand,21.084184646606445,21.093721389770508,-0.0095367431640625,-0.07070644241134859,False
2024-04-01,"Turkiye, Republic Of",20.870960235595703,21.111682891845703,-0.24072265625,-0.683341544134889,False
2024-04-01,United Arab Emirates,21.515939712524414,21.586498260498047,-0.07055854797363281,-0.41057258443704825,False
2024-04-01,United Kingdom,22.64289665222168,22.5401668548584,0.10272979736328125,0.6591816509898029,False
2024-04-01,Vietnam,20.524784088134766,20.647258758544922,-0.12247467041015625,-0.6522014790349884,False
2024-05-01,Australia,21.82352638244629,21.79950523376465,0.024021148681640625,0.1809258756176897,False
2024-05-01,Belgium,21.842876434326172,21.89940643310547,-0.056529998779296875,-0.06786133073758321,False
2024-05-01,Brazil,22.114648818969727,22.120182037353516,-0.0055332183837890625,0.42052048283678667,False
2024-05-01,Canada,24.140867233276367,24.08689308166504,0.053974151611328125,0.9812429108139725,False
2024-05-01,Chile,21.109086990356445,21.198352813720703,-0.08926582336425781,0.34966747248554764,False
2024-05-01,"China, People'S Republic Of",23.150165557861328,23.26992416381836,-0.11975860595703125,-0.388165178036614,False
2024-05-01,Colombia,20.973228454589844,21.260766983032227,-0.2875385284423828,-1.6956231973204974,False
2024-05-01,Dominican Republic,20.858850479125977,20.798324584960938,0.06052589416503906,0.8009632864471891,False
2024-05-01,France,21.99058723449707,22.16332244873047,-0.17273521423339844,-1.3951419520786552,False
2024-05-01,Germany,22.555448532104492,22.599061965942383,-0.043613433837890625,-0.608624949814335,False
2024-05-01,"Hong Kong Special Administrative Region, People'S Republic Of China",21.482131958007812,21.612884521484375,-0.1307525634765625,-0.6374984546398264,False
2024-05-01,India,22.0332088470459,22.007986068725586,0.0252227783203125,0.69044868565353,False
2024-05-01,Ireland,21.176786422729492,21.092199325561523,0.08458709716796875,0.7741283294024066,False
2024-05-01,Israel,20.831588745117188,21.07786750793457,-0.2462787628173828,-1.2011286906369587,False
2024-05-01,Italy,21.62327003479004,21.853158950805664,-0.229888916015625,-1.301505648309824,False
2024-05-01,Japan,22.634124755859375,22.549869537353516,0.08425521850585938,0.8298478608041231,False
2024-05-01,"Korea, Republic Of",22.493350982666016,22.471357345581055,0.021993637084960938,0.3442321902835442,False
2024-05-01,Malaysia,21.5467586517334,21.38481330871582,0.16194534301757812,0.4539772231060694,False
2024-05-01,Mexico,24.09080696105957,23.999929428100586,0.09087753295898438,0.8451171744025515,False
2024-05-01,Netherlands,22.64966583251953,22.602310180664062,0.04735565185546875,-0.6308237130522661,False
2024-05-01,Saudi Arabia,20.897932052612305,20.932687759399414,-0.034755706787109375,0.30614871742591604,False
2024-05-01,Singapore,22.178361892700195,22.106229782104492,0.07213211059570312,0.7253176464876439,False
2024-05-01,Spain,21.368762969970703,21.656381607055664,-0.28761863708496094,-1.140183544970048,False
2024-05-01,Switzerland,21.60159683227539,21.693603515625,-0.09200668334960938,0.2089960254029712,False
2024-05-01,Taiwan Province Of China,22.0125789642334,22.008956909179688,0.0036220550537109375,0.5208892667242943,False
2024-05-01,Thailand,21.013572692871094,21.145326614379883,-0.13175392150878906,-1.0600948161389203,False
2024-05-01,"Turkiye, Republic Of",20.839937210083008,21.173458099365234,-0.33352088928222656,-1.14917833025964,False
2024-05-01,United Arab Emirates,21.503503799438477,21.64397430419922,-0.1404705047607422,-1.116204408165262,False
2024-05-01,United Kingdom,22.439306259155273,22.57272720336914,-0.1334209442138672,-1.4800202447121706,False
2024-05-01,Vietnam,20.626785278320312,20.688968658447266,-0.062183380126953125,-0.35686143447302465,False
2024-06-01,Australia,21.87009048461914,21.77166748046875,0.09842300415039062,0.9230096226605335,False
2024-06-01,Belgium,21.886638641357422,21.874521255493164,0.012117385864257812,0.26938347666941503,False
2024-06-01,Brazil,22.173566818237305,22.118370056152344,0.05519676208496094,1.1996442721622682,False
2024-06-01,Canada,24.11736488342285,24.094083786010742,0.023281097412109375,0.47313811848689524,False
2024-06-01,Chile,21.197710037231445,21.19559097290039,0.0021190643310546875,1.118073475970337,False
2024-06-01,"China, People'S Republic Of",23.154829025268555,23.282915115356445,-0.12808609008789062,-0.46723066439308863,False
2024-06-01,Colombia,21.02775001525879,21.333520889282227,-0.3057708740234375,-1.8402192836063105,False
2024-06-01,Dominican Republic,20.787796020507812,20.787946701049805,-0.0001506805419921875,-0.04043398988404944,False
2024-06-01,France,21.93625831604004,22.124942779541016,-0.18868446350097656,-1.5685859688630177,False
2024-06-01,Germany,22.58692169189453,22.563322067260742,0.023599624633789062,0.07324306895417124,False
2024-06-01,"Hong Kong Special Administrative Region, People'S Republic Of China",21.668031692504883,21.700746536254883,-0.03271484375,-0.13713063571759676,False
2024-06-01,India,22.12265968322754,21.994319915771484,0.1283397674560547,1.4572394795464279,False
2024-06-01,Ireland,21.086740493774414,21.1782283782959,-0.09148788452148438,-0.5402927355640952,False
2024-06-01,Israel,21.019847869873047,21.054594039916992,-0.03474617004394531,0.35764616320404546,False
2024-06-01,Italy,21.82352066040039,21.74515151977539,0.078369140625,0.47362338638456125,False
2024-06-01,Japan,22.72925567626953,22.54839515686035,0.1808605194091797,2.246556276347831,True
2024-06-01,"Korea, Republic Of",22.47382354736328,22.419681549072266,0.054141998291015625,0.6444454256796873,False
2024-06-01,Malaysia,21.568647384643555,21.366016387939453,0.20263099670410156,0.6646947674243192,False
2024-06-01,Mexico,24.043514251708984,24.003814697265625,0.039699554443359375,0.14210956913367706,False
2024-06-01,Netherlands,22.75252914428711,22.599224090576172,0.1533050537109375,0.9028556829164229,False
2024-06-01,Saudi Arabia,20.647356033325195,20.890989303588867,-0.24363327026367188,-0.8880279709619298,False
2024-06-01,Singapore,22.127912521362305,22.098812103271484,0.029100418090820312,0.44547401344867676,False
2024-06-01,Spain,21.36528778076172,21.672260284423828,-0.3069725036621094,-1.2841507983800067,False
2024-06-01,Switzerland,21.3011531829834,21.604907989501953,-0.3037548065185547,-0.4445539042386883,False
2024-06-01,Taiwan Province Of China,22.08828353881836,22.049644470214844,0.038639068603515625,0.8624490858589535,False
2024-06-01,Thailand,21.123838424682617,21.111434936523438,0.012403488159179688,0.10690696743911661,False
2024-06-01,"Turkiye, Republic Of",20.73061752319336,21.15572166442871,-0.42510414123535156,-1.6089160467944073,False
2024-06-01,United Arab Emirates,21.49664306640625,21.596569061279297,-0.09992599487304688,-0.7069826130817611,False
2024-06-01,United Kingdom,22.641286849975586,22.588088989257812,0.05319786071777344,0.21049022591864966,False
2024-06-01,Vietnam,20.684701919555664,20.678516387939453,0.0061855316162109375,-0.02195273794269896,False
2024-07-01,Australia,21.82027244567871,21.74717903137207,0.07309341430664062,0.6703724159150207,False
2024-07-01,Belgium,21.812252044677734,21.826889038085938,-0.014636993408203125,0.13794692549001009,False
2024-07-01,Brazil,22.15257453918457,22.146121978759766,0.0064525604248046875,0.5742897633682353,False
2024-07-01,Canada,24.04812240600586,24.07577896118164,-0.02765655517578125,-0.37010365282101726,False
2024-07-01,Chile,21.114988327026367,21.21227264404297,-0.09728431701660156,0.28224430420515745,False
2024-07-01,"China, People'S Republic Of",23.100008010864258,23.279783248901367,-0.17977523803710938,-0.9579944482365298,False
2024-07-01,Colombia,21.125064849853516,21.253318786621094,-0.12825393676757812,-0.4323776944630303,False
2024-07-01,Dominican Republic,20.81285285949707,20.748485565185547,0.06436729431152344,0.8542316793344993,False
2024-07-01,France,21.972454071044922,22.105867385864258,-0.13341331481933594,-0.9675263278229254,False
2024-07-01,Germany,22.503795623779297,22.57321548461914,-0.06941986083984375,-0.8704279037556469,False
2024-07-01,"Hong Kong Special Administrative Region, People'S Republic Of China",21.392074584960938,21.469762802124023,-0.07768821716308594,-0.3666670715613176,False
2024-07-01,India,21.893997192382812,21.984222412109375,-0.0902252197265625,-0.16803702865661388,False
2024-07-01,Ireland,21.11040496826172,21.182525634765625,-0.07212066650390625,-0.39571410725560613,False
2024-07-01,Israel,20.95538902282715,21.038402557373047,-0.08301353454589844,0.0019659672570963216,False
2024-07-01,Italy,21.604978561401367,21.72594451904297,-0.12096595764160156,-0.6742639532778206,False
2024-07-01,Japan,22.690494537353516,22.53108024597168,0.15941429138183594,1.9320491898431922,False
2024-07-01,"Korea, Republic Of",22.389984130859375,22.434326171875,-0.044342041015625,-0.27523479956175184,False
2024-07-01,Malaysia,21.83099365234375,21.432558059692383,0.3984355926513672,1.6787982630233482,False
2024-07-01,Mexico,24.079833984375,23.986968994140625,0.092864990234375,0.8724179318820598,False
2024-07-01,Netherlands,22.735136032104492,22.57845115661621,0.15668487548828125,0.9517805747155249,False
2024-07-01,Saudi Arabia,20.578479766845703,20.941787719726562,-0.3633079528808594,-1.5722216861365863,False
2024-07-01,Singapore,21.757091522216797,22.110824584960938,-0.3537330627441406,-2.0441680593945613,True
2024-07-01,Spain,21.272464752197266,21.65069580078125,-0.3782310485839844,-1.8142204334835899,False
2024-07-01,Switzerland,21.298147201538086,21.589174270629883,-0.2910270690917969,-0.40527038297168605,False
2024-07-01,Taiwan Province Of China,22.088573455810547,22.003074645996094,0.08549880981445312,1.3195241790830021,False
2024-07-01,Thailand,21.19161605834961,21.093408584594727,0.09820747375488281,0.801518534467981,False
2024-07-01,"Turkiye, Republic Of",20.794076919555664,21.126047134399414,-0.33197021484375,-1.1413941174234443,False
2024-07-01,United Arab Emirates,21.48752784729004,21.590818405151367,-0.10329055786132812,-0.7409416499414919,False
2024-07-01,United Kingdom,22.471450805664062,22.575889587402344,-0.10443878173828125,-1.2174815946310673,False
2024-07-01,Vietnam,21.38971519470215,20.67470932006836,0.7150058746337891,3.4502408527053356,True
2024-08-01,Australia,21.925046920776367,21.811094284057617,0.11395263671875,1.077902102880561,False
2024-08-01,Belgium,21.777339935302734,21.88221549987793,-0.10487556457519531,-0.30536915584233676,False
2024-08-01,Brazil,22.284364700317383,22.15304183959961,0.13132286071777344,2.1762896452639833,True
2024-08-01,Canada,24.12484359741211,24.08643913269043,0.03840446472167969,0.7234962404332907,False
2024-08-01,Chile,21.171030044555664,21.256954193115234,-0.08592414855957031,0.37776580522276065,False
2024-08-01,"China, People'S Republic Of",23.205411911010742,23.281211853027344,-0.07579994201660156,0.02920135060692062,False
2024-08-01,Colombia,21.302196502685547,21.237812042236328,0.06438446044921875,1.0953883399228406,False
2024-08-01,Dominican Republic,20.860145568847656,20.732881546020508,0.12726402282714844,1.7264156534417205,False
2024-08-01,France,21.887311935424805,22.08119773864746,-0.19388580322265625,-1.6251492113613382,False
2024-08-01,Germany,22.63511085510254,22.551759719848633,0.08335113525390625,0.6794146238780056,False
2024-08-01,"Hong Kong Special Administrative Region, People'S Republic Of China",21.352603912353516,21.509923934936523,-0.1573200225830078,-0.773094239654763,False
2024-08-01,India,22.13385772705078,22.038528442382812,0.09532928466796875,1.2117694118494007,False
2024-08-01,Ireland,21.1145076751709,21.131080627441406,-0.016572952270507812,0.018956307578757322,False
2024-08-01,Israel,20.782024383544922,21.051223754882812,-0.2691993713378906,-1.3700296988837968,False
2024-08-01,Italy,21.881595611572266,21.749439239501953,0.1321563720703125,0.783361523563935,False
2024-08-01,Japan,22.620223999023438,22.570106506347656,0.05011749267578125,0.3292210523498342,False
2024-08-01,"Korea, Republic Of",22.476123809814453,22.44970703125,0.026416778564453125,0.38553711421612535,False
2024-08-01,Malaysia,21.949260711669922,21.447431564331055,0.5018291473388672,2.2142901125570638,True
2024-08-01,Mexico,24.126182556152344,23.982559204101562,0.14362335205078125,1.5696614616754143,False
2024-08-01,Netherlands,22.82855224609375,22.591136932373047,0.23741531372070312,2.1204007611087476,True
2024-08-01,Saudi Arabia,20.741371154785156,20.87558364868164,-0.13421249389648438,-0.26245699920144744,False
2024-08-01,Singapore,22.13353157043457,22.16569709777832,-0.03216552734375,0.04704941627458589,False
2024-08-01,Spain,21.51057243347168,21.62270736694336,-0.11213493347167969,0.16518387226951498,False
2024-08-01,Switzerland,21.402326583862305,21.57960319519043,-0.177276611328125,-0.054185317585580386,False
2024-08-01,Taiwan Province Of China,22.035974502563477,22.05215835571289,-0.016183853149414062,0.3277002497901312,False
2024-08-01,Thailand,21.087034225463867,21.140853881835938,-0.05381965637207031,-0.42919123216169636,False
2024-08-01,"Turkiye, Republic Of",20.855409622192383,21.113187789916992,-0.2577781677246094,-0.7689583106555048,False
2024-08-01,United Arab Emirates,21.605396270751953,21.568073272705078,0.037322998046875,0.6782919755534438,False
2024-08-01,United Kingdom,22.573104858398438,22.579055786132812,-0.005950927734375,-0.32531668936039576,False
2024-08-01,Vietnam,20.65841293334961,20.649076461791992,0.009336471557617188,-0.006517693538511542,False
2024-09-01,Australia,21.80738639831543,21.808406829833984,-0.0010204315185546875,-0.06883872433425597,False
2024-09-01,Belgium,21.737232208251953,21.94152069091797,-0.20428848266601562,-0.7937561583390764,False
2024-09-01,Brazil,22.22120475769043,22.16193199157715,0.05927276611328125,1.2519365943289942,False
2024-09-01,Canada,24.097715377807617,24.051958084106445,0.045757293701171875,0.8452178396391621,False
2024-09-01,Chile,21.125959396362305,21.27861213684082,-0.15265274047851562,-0.18331876715817438,False
2024-09-01,"China, People'S Republic Of",23.138023376464844,23.286277770996094,-0.14825439453125,-0.6587190869156181,False
2024-09-01,Colombia,21.121341705322266,21.275598526000977,-0.15425682067871094,-0.6385999399211837,False
2024-09-01,Dominican Republic,20.779075622558594,20.682647705078125,0.09642791748046875,1.29881381242427,False
2024-09-01,France,22.009878158569336,22.08284568786621,-0.072967529296875,-0.3101938313013721,False
2024-09-01,Germany,22.603750228881836,22.56351661682129,0.040233612060546875,0.2419927778471632,False
2024-09-01,"Hong Kong Special Administrative Region, People'S Republic Of China",21.871774673461914,21.61572265625,0.25605201721191406,1.3366862257876329,False
2024-09-01,India,21.931617736816406,22.071640014648438,-0.14002227783203125,-0.5383341643493386,False
2024-09-01,Ireland,21.074718475341797,21.080951690673828,-0.00623321533203125,0.09614369620002178,False
2024-09-01,Israel,20.87455940246582,21.05418586730957,-0.17962646484375,-0.7099706867103744,False
2024-09-01,Italy,21.654577255249023,21.736164093017578,-0.08158683776855469,-0.4474960958237302,False
2024-09-01,Japan,22.651512145996094,22.608959197998047,0.042552947998046875,0.21828765630951072,False
2024-09-01,"Korea, Republic Of",22.4067440032959,22.43741798400879,-0.030673980712890625,-0.14759741926814388,False
2024-09-01,Malaysia,21.660842895507812,21.569860458374023,0.09098243713378906,0.08644891986850516,False
2024-09-01,Mexico,24.06671905517578,24.001123428344727,0.06559562683105469,0.49783162700247213,False
2024-09-01,Netherlands,22.6224308013916,22.617645263671875,0.0047855377197265625,-1.247050947851452,False
2024-09-01,Saudi Arabia,20.750810623168945,20.894845962524414,-0.14403533935546875,-0.3186153192503682,False
2024-09-01,Singapore,22.189916610717773,22.09257698059082,0.09733963012695312,0.8892471466978735,False
2024-09-01,Spain,21.288537979125977,21.606773376464844,-0.3182353973388672,-1.367931879624296,False
2024-09-01,Switzerland,21.442974090576172,21.552249908447266,-0.10927581787109375,0.15569571046944222,False
2024-09-01,Taiwan Province Of China,21.870655059814453,22.102794647216797,-0.23213958740234375,-1.7787558426922216,False
2024-09-01,Thailand,21.03402328491211,21.169599533081055,-0.1355762481689453,-1.0910378113002115,False
2024-09-01,"Turkiye, Republic Of",20.74571418762207,21.06671142578125,-0.3209972381591797,-1.086310997562887,False
2024-09-01,United Arab Emirates,21.48859405517578,21.53387451171875,-0.04528045654296875,-0.15543703143137316,False
2024-09-01,United Kingdom,22.68746566772461,22.5660457611084,0.12141990661621094,0.8284884119075213,False
2024-09-01,Vietnam,20.762094497680664,20.761892318725586,0.000202178955078125,-0.0512625044656626,False
2024-10-01,Australia,21.634984970092773,21.831466674804688,-0.19648170471191406,-2.01836851897783,True
2024-10-01,Belgium,21.702774047851562,21.9146785736084,-0.21190452575683594,-0.8311715820832387,False
2024-10-01,Brazil,22.093908309936523,22.217153549194336,-0.1232452392578125,-1.0896436081877763,False
2024-10-01,Canada,24.13237953186035,24.07893180847168,0.053447723388671875,0.9725282126607118,False
2024-10-01,Chile,21.19066619873047,21.262279510498047,-0.07161331176757812,0.4980978774415446,False
2024-10-01,"China, People'S Republic Of",23.316160202026367,23.278743743896484,0.03741645812988281,1.1041370215065138,False
2024-10-01,Colombia,21.34010124206543,21.32719612121582,0.012905120849609375,0.687118817080065,False
2024-10-01,Dominican Republic,20.82737159729004,20.775272369384766,0.05209922790527344,0.6841113699744299,False
2024-10-01,France,22.18572998046875,22.05878448486328,0.12694549560546875,1.8638093123487816,False
2024-10-01,Germany,22.634929656982422,22.60291290283203,0.032016754150390625,0.15863378852128207,False
2024-10-01,"Hong Kong Special Administrative Region, People'S Republic Of China",21.461071014404297,21.597871780395508,-0.13680076599121094,-0.6683674498499896,False
2024-10-01,India,21.84665870666504,22.123531341552734,-0.2768726348876953,-1.5559704899513493,False
2024-10-01,Ireland,20.960201263427734,21.095937728881836,-0.13573646545410156,-0.8706137517280343,False
2024-10-01,Israel,20.867841720581055,21.023630142211914,-0.15578842163085938,-0.5343091404784543,False
2024-10-01,Italy,21.692649841308594,21.810747146606445,-0.11809730529785156,-0.6577445859615874,False
2024-10-01,Japan,22.62693214416504,22.619800567626953,0.0071315765380859375,-0.30116370472549875,False
2024-10-01,"Korea, Republic Of",22.40131950378418,22.48249626159668,-0.0811767578125,-0.619210949189181,False
2024-10-01,Malaysia,21.55353546142578,21.71115493774414,-0.15761947631835938,-1.201100375002638,False
2024-10-01,Mexico,24.092540740966797,24.005525588989258,0.08701515197753906,0.7920614796846971,False
2024-10-01,Netherlands,22.7426700592041,22.691875457763672,0.05079460144042969,-0.5810429117465208,False
2024-10-01,Saudi Arabia,20.965534210205078,20.916950225830078,0.048583984375,0.7826111710603901,False
2024-10-01,Singapore,22.02623748779297,22.11270523071289,-0.08646774291992188,-0.3060886641571057,False
2024-10-01,Spain,21.378068923950195,21.59259605407715,-0.21452713012695312,-0.5964790886851332,False
2024-10-01,Switzerland,21.38094711303711,21.488868713378906,-0.10792160034179688,0.15987543474631494,False
2024-10-01,Taiwan Province Of China,21.9361572265625,22.064111709594727,-0.12795448303222656,-0.7625228234323226,False
2024-10-01,Thailand,21.02646255493164,21.17099380493164,-0.14453125,-1.1635315050538353,False
2024-10-01,"Turkiye, Republic Of",21.000593185424805,21.04625701904297,-0.04566383361816406,0.2958320033672155,False
2024-10-01,United Arab Emirates,21.57660484313965,21.590614318847656,-0.014009475708007812,0.160185649586362,False
2024-10-01,United Kingdom,22.757076263427734,22.559457778930664,0.1976184844970703,1.5187430397943313,False
2024-10-01,Vietnam,20.895235061645508,20.706403732299805,0.18883132934570312,0.8727472724087435,False
2024-11-01,Australia,21.900909423828125,21.86078453063965,0.04012489318847656,0.3415445455388015,False
2024-11-01,Belgium,21.712505340576172,21.873140335083008,-0.16063499450683594,-0.5792991577799375,False
2024-11-01,Brazil,22.150646209716797,22.241544723510742,-0.09089851379394531,-0.6746574165052751,False
2024-11-01,Canada,24.078279495239258,24.076841354370117,0.001438140869140625,0.11154129511318843,False
2024-11-01,Chile,21.226823806762695,21.251846313476562,-0.025022506713867188,0.889854711786238,False
2024-11-01,"China, People'S Republic Of",23.257205963134766,23.27898597717285,-0.021780014038085938,0.5420947781351103,False
2024-11-01,Colombia,21.242277145385742,21.325918197631836,-0.08364105224609375,-0.07856427692718289,False
2024-11-01,Dominican Republic,20.83399200439453,20.740163803100586,0.09382820129394531,1.2627637530869296,False
2024-11-01,France,22.022851943969727,22.079530715942383,-0.05667877197265625,-0.13305775101693607,False
2024-11-01,Germany,22.580732345581055,22.62078857421875,-0.04005622863769531,-0.5725375507677314,False
2024-11-01,"Hong Kong Special Administrative Region, People'S Republic Of China",21.56167221069336,21.738069534301758,-0.17639732360839844,-0.8704615339127423,False
2024-11-01,India,22.017297744750977,22.121492385864258,-0.10419464111328125,-0.2719153886157649,False
2024-11-01,Ireland,21.037199020385742,21.108430862426758,-0.07123184204101562,-0.3890789249834222,False
2024-11-01,Israel,20.791414260864258,21.007648468017578,-0.2162342071533203,-0.9797316130049211,False
2024-11-01,Italy,21.962400436401367,21.767902374267578,0.19449806213378906,1.142361204901092,False
2024-11-01,Japan,22.610572814941406,22.63759994506836,-0.027027130126953125,-0.8020981953170655,False
2024-11-01,"Korea, Republic Of",22.361635208129883,22.49980354309082,-0.1381683349609375,-1.15141928343046,False
2024-11-01,Malaysia,21.456619262695312,21.765419006347656,-0.30879974365234375,-1.9840872953417275,False
2024-11-01,Mexico,24.017332077026367,24.009523391723633,0.007808685302734375,-0.2959601670058422,False
2024-11-01,Netherlands,22.793777465820312,22.662330627441406,0.13144683837890625,0.5864452652992058,False
2024-11-01,Saudi Arabia,20.835580825805664,20.943906784057617,-0.10832595825195312,-0.1144607429482529,False
2024-11-01,Singapore,21.87519073486328,22.202625274658203,-0.3274345397949219,-1.8731435475226903,False
2024-11-01,Spain,21.383211135864258,21.5632381439209,-0.18002700805664062,-0.33984366149686734,False
2024-11-01,Switzerland,21.358518600463867,21.502561569213867,-0.14404296875,0.04838864833023678,False
2024-11-01,Taiwan Province Of China,22.024028778076172,22.035125732421875,-0.011096954345703125,0.3773184227642657,False
2024-11-01,Thailand,21.093700408935547,21.14384651184082,-0.05014610290527344,-0.3994526050755453,False
2024-11-01,"Turkiye, Republic Of",21.112749099731445,20.974454879760742,0.13829421997070312,1.219280927613898,False
2024-11-01,United Arab Emirates,21.575166702270508,21.645450592041016,-0.07028388977050781,-0.40780041816278456,False
2024-11-01,United Kingdom,22.57780647277832,22.57711410522461,0.0006923675537109375,-0.2651375437050827,False
2024-11-01,Vietnam,20.925745010375977,20.69940185546875,0.22634315490722656,1.0565009154457616,False
2024-12-01,Australia,21.715837478637695,21.819610595703125,-0.10377311706542969,-1.093693513625993,False
2024-12-01,Belgium,21.574304580688477,21.89542007446289,-0.32111549377441406,-1.3676935787632396,False
2024-12-01,Brazil,22.185821533203125,22.23528289794922,-0.04946136474609375,-0.14304735610652877,False
2024-12-01,Canada,24.017751693725586,24.067012786865234,-0.04926109313964844,-0.7277536020311096,False
2024-12-01,Chile,21.12726593017578,21.24686622619629,-0.11960029602050781,0.09460132873404296,False
2024-12-01,"China, People'S Republic Of",23.23247528076172,23.277851104736328,-0.045375823974609375,0.31806382721528703,False
2024-12-01,Colombia,21.273983001708984,21.34916877746582,-0.07518577575683594,-0.011507633920068231,False
2024-12-01,Dominican Republic,20.740131378173828,20.69512939453125,0.045001983642578125,0.5856944434929595,False
2024-12-01,France,22.004770278930664,22.1102237701416,-0.1054534912109375,-0.6634703792410109,False
2024-12-01,Germany,22.365203857421875,22.625213623046875,-0.260009765625,-2.80393850018075,True
2024-12-01,"Hong Kong Special Administrative Region, People'S Republic Of China",21.473237991333008,21.60002326965332,-0.1267852783203125,-0.6172501071036739,False
2024-12-01,India,21.893964767456055,22.08846092224121,-0.19449615478515625,-0.9434087083735538,False
2024-12-01,Ireland,20.938920974731445,21.0072021484375,-0.06828117370605469,-0.36705182847039947,False
2024-12-01,Israel,20.99763298034668,20.995765686035156,0.0018672943115234375,0.6274492550161705,False
2024-12-01,Italy,21.454795837402344,21.843727111816406,-0.3889312744140625,-2.2173639756348202,True
2024-12-01,Japan,22.58926010131836,22.665924072265625,-0.07666397094726562,-1.5300181899094454,False
2024-12-01,"Korea, Republic Of",22.377470016479492,22.494707107543945,-0.11723709106445312,-0.9559556201117252,False
2024-12-01,Malaysia,21.474199295043945,21.745269775390625,-0.2710704803466797,-1.788681372311429,False
2024-12-01,Mexico,23.924829483032227,23.980297088623047,-0.05546760559082031,-1.165156548371186,False
2024-12-01,Netherlands,22.720706939697266,22.632402420043945,0.08830451965332031,-0.0380649647255616,False
2024-12-01,Saudi Arabia,20.964323043823242,20.92136573791504,0.042957305908203125,0.7504428129741152,False
2024-12-01,Singapore,21.985565185546875,22.16319465637207,-0.1776294708251953,-0.8989314655000176,False
2024-12-01,Spain,21.598445892333984,21.572216033935547,0.0262298583984375,1.1944355194675673,False
2024-12-01,Switzerland,20.89528465270996,21.50921630859375,-0.6139316558837891,-1.4018991455817793,False
2024-12-01,Taiwan Province Of China,22.005767822265625,22.049245834350586,-0.04347801208496094,0.06147000784792445,False
2024-12-01,Thailand,21.149486541748047,21.126575469970703,0.02291107177734375,0.19196932289997143,False
2024-12-01,"Turkiye, Republic Of",21.295560836791992,21.029438018798828,0.26612281799316406,1.8609662413518933,False
2024-12-01,United Arab Emirates,21.583049774169922,21.6064510345459,-0.023401260375976562,0.06539296393028832,False
2024-12-01,United Kingdom,22.732196807861328,22.60959815979004,0.12259864807128906,0.8391661931349068,False
2024-12-01,Vietnam,21.038394927978516,20.704547882080078,0.3338470458984375,1.5831143583956497,False
