country_imf,date,year,actual,predicted,residual,residual_z,xgb_anomaly
Australia,2023-01-01,2023,21.65207044504108,21.6121704334713,0.03990001156978096,0.24029751171932234,False
Australia,2023-02-01,2023,21.677888956760583,21.637247883106,0.04064107365458369,0.24807923419976186,False
Australia,2023-03-01,2023,21.816537273286563,21.770091733140266,0.04644554014629776,0.30903060158425416,False
Australia,2023-04-01,2023,21.605015397735446,21.75609849238375,-0.15108309464830327,-1.7651721533992824,False
Australia,2023-05-01,2023,21.74622990778864,21.683124768833512,0.0631051389551267,0.4839692163432012,False
Australia,2023-06-01,2023,21.77805692442534,21.806466896745253,-0.02840997231991338,-0.4770099152480092,False
Australia,2023-07-01,2023,21.850113976442593,21.717413270959437,0.13270070548315616,1.2147762508634654,False
Australia,2023-08-01,2023,21.77477056023147,21.74047598382631,0.034294576405159205,0.18143612651595625,False
Australia,2023-09-01,2023,21.78008045110664,21.76962526024086,0.010455190865780395,-0.06889577708025967,False
Australia,2023-10-01,2023,21.788478124003646,21.804419056531756,-0.015940932528110352,-0.3460753967411051,False
Australia,2023-11-01,2023,21.7115897274938,21.786357668872068,-0.07476794137826914,-0.9638042842582042,False
Australia,2023-12-01,2023,21.832106328088816,21.715045817818055,0.11706051027076114,1.05054215876961,False
Australia,2024-01-01,2024,21.631882788135506,21.70570753991618,-0.07382475178067338,-0.953900067262834,False
Australia,2024-02-01,2024,21.70132633762348,21.625114233025048,0.07621210459843297,0.6216024474698687,False
Australia,2024-03-01,2024,21.847226689200852,21.82803369264832,0.01919299655253326,0.022857910413301537,False
Australia,2024-04-01,2024,21.64012357204385,21.674381166910507,-0.034257594866655694,-0.5384144544388418,False
Australia,2024-05-01,2024,21.82352564437653,21.62038039477657,0.2031452495999595,1.9544982037467569,False
Australia,2024-06-01,2024,21.870091047656214,21.80108346830175,0.06900757935446222,0.545949385193953,False
Australia,2024-07-01,2024,21.820273028802234,21.774747295608275,0.04552573319395847,0.29937192036783694,False
Australia,2024-08-01,2024,21.925046066435936,21.78576226748948,0.1392837989464546,1.2839038009631585,False
Australia,2024-09-01,2024,21.807386209892865,21.827441633578555,-0.020055423685690243,-0.389280721899566,False
Australia,2024-10-01,2024,21.634985052545026,21.824231929270475,-0.1892468767254485,-2.1659212498901246,True
Australia,2024-11-01,2024,21.900908928870045,21.805827653782647,0.09508127508739861,0.8197432661575718,False
Australia,2024-12-01,2024,21.71583760399022,21.85191340489984,-0.13607580090961946,-1.6075840140897915,False
Belgium,2023-01-01,2023,22.030214930770505,21.75661231332715,0.27360261744335546,2.237393536771301,True
Belgium,2023-02-01,2023,21.90215914550483,21.90391924118891,-0.0017600956840801985,-0.16672494870975943,False
Belgium,2023-03-01,2023,22.16203013522566,21.94379942778956,0.21823070743609918,1.7539561428230823,False
Belgium,2023-04-01,2023,22.049960933094948,21.889824208447116,0.16013672464783113,1.2467530566454048,False
Belgium,2023-05-01,2023,21.96922540067854,21.907147092426083,0.06207830825245608,0.3906311480701512,False
Belgium,2023-06-01,2023,21.964636164771118,21.836499469209024,0.12813669556209462,0.9673693282269995,False
Belgium,2023-07-01,2023,21.880223275171666,21.92142330732639,-0.04120003215472323,-0.5110645263467304,False
Belgium,2023-08-01,2023,21.69315619771288,21.932863618639963,-0.23970742092708264,-2.244179650874662,True
Belgium,2023-09-01,2023,21.735482415790234,21.75527632610543,-0.019793910315197394,-0.3241733796392699,False
Belgium,2023-10-01,2023,21.71158763386651,21.8126231778909,-0.10103554402438775,-1.0334724389514718,False
Belgium,2023-11-01,2023,21.722837692759168,21.61513026966026,0.10770742309890835,0.7890067931696638,False
Belgium,2023-12-01,2023,21.674894574395505,21.595940131750464,0.07895444264504192,0.5379721812691588,False
Belgium,2024-01-01,2024,21.679036376482888,21.767690049791373,-0.08865367330848528,-0.9253696245404242,False
Belgium,2024-02-01,2024,21.754648857707007,21.72686097981594,0.02778787789106829,0.09125053632856933,False
Belgium,2024-03-01,2024,21.90749348579263,21.82947571472772,0.07801777106491059,0.5297943512534575,False
Belgium,2024-04-01,2024,21.81211569679666,21.777278161553575,0.03483753524308497,0.15279921648138026,False
Belgium,2024-05-01,2024,21.84287561786014,21.81105299901026,0.0318226188498798,0.12647678469400164,False
Belgium,2024-06-01,2024,21.88663888892947,21.89772791345512,-0.011089024525652746,-0.2481733409885737,False
Belgium,2024-07-01,2024,21.812251848320326,21.78215827278313,0.03009357553719738,0.11138096818708963,False
Belgium,2024-08-01,2024,21.777339378700052,21.860007382836226,-0.08266800413617403,-0.8731103417141836,False
Belgium,2024-09-01,2024,21.737233042015824,21.84603909237307,-0.108806050357245,-1.1013146595055823,False
Belgium,2024-10-01,2024,21.702774257918424,21.7918713924922,-0.08909713457377677,-0.9292413666996056,False
Belgium,2024-11-01,2024,21.712504824677513,21.665526916533864,0.046977908143649216,0.25879357780717227,False
Belgium,2024-12-01,2024,21.57430382831572,21.652807577795116,-0.07850374947939542,-0.8367533437571695,False
Brazil,2023-01-01,2023,22.002049622685714,22.060829376675933,-0.058779753990219064,-0.3757216647516755,False
Brazil,2023-02-01,2023,22.000322531797718,22.083657908210583,-0.08333537641286526,-0.6651148101294039,False
Brazil,2023-03-01,2023,22.139020450306322,22.199478717948967,-0.060458267642644614,-0.3955032991600508,False
Brazil,2023-04-01,2023,21.96575529923308,22.152716572142218,-0.18696127290913722,-1.886367670817893,False
Brazil,2023-05-01,2023,22.122394068510392,22.012205675479777,0.11018839303061512,1.6156032828867815,False
Brazil,2023-06-01,2023,22.094539358996002,22.090967200169878,0.003572158826123939,0.3591086669607997,False
Brazil,2023-07-01,2023,21.955222289046084,22.054563369166544,-0.09934108012046039,-0.8537453754720751,False
Brazil,2023-08-01,2023,22.04658350490687,22.0003862304239,0.04619727448297084,0.8614545688365411,False
Brazil,2023-09-01,2023,22.021458641592357,22.09905651761352,-0.0775978760211622,-0.5974971681742313,False
Brazil,2023-10-01,2023,21.99884302136037,22.067326242691294,-0.06848322133092566,-0.49007905657275935,False
Brazil,2023-11-01,2023,22.010737872341643,22.0518836617678,-0.041145789426156654,-0.1679017047099747,False
Brazil,2023-12-01,2023,22.040790626913832,22.102510676679064,-0.061720049765231266,-0.4103736653414423,False
Brazil,2024-01-01,2024,21.98010185587003,22.051659903584955,-0.07155804771492669,-0.5263165285228022,False
Brazil,2024-02-01,2024,22.048141945158008,22.163873906333734,-0.11573196117572593,-1.046915336406193,False
Brazil,2024-03-01,2024,22.091421631902087,22.152720479860143,-0.06129884795805651,-0.4054097139612211,False
Brazil,2024-04-01,2024,22.061486495489458,22.050856039554755,0.010630455934702354,0.4422921744323205,False
Brazil,2024-05-01,2024,22.11464895435545,22.1066332411138,0.008015713241647404,0.4114768849938107,False
Brazil,2024-06-01,2024,22.173566563806176,22.101859539343344,0.07170702446283173,1.1620923070053397,False
Brazil,2024-07-01,2024,22.15257518390238,22.15453966159686,-0.0019644776944822695,0.29385824773160685,False
Brazil,2024-08-01,2024,22.284363786035478,22.105601060850592,0.17876272518488534,2.4237661277430185,True
Brazil,2024-09-01,2024,22.221204395777505,22.273087275263247,-0.051882879485741995,-0.29444055642654615,False
Brazil,2024-10-01,2024,22.09390873722898,22.247737293146184,-0.15382855591720457,-1.4958916722798674,False
Brazil,2024-11-01,2024,22.15064544857166,22.07444427152939,0.07620117704226814,1.2150568349812663,False
Brazil,2024-12-01,2024,22.18582150254568,22.142584331809704,0.04323717073597422,0.8265691271546505,False
Canada,2023-01-01,2023,24.039755064944366,24.104490436970597,-0.06473537202623092,-1.780738719296957,False
Canada,2023-02-01,2023,24.02043700234022,23.995190811765365,0.025246190574854666,0.36072036942137237,False
Canada,2023-03-01,2023,24.190842429137522,24.20195953956962,-0.011117110432099508,-0.5046849334667876,False
Canada,2023-04-01,2023,24.099297808071025,24.131475190749587,-0.03217738267856163,-1.0058955160503422,False
Canada,2023-05-01,2023,24.15634155163479,24.140020364844812,0.01632118678997685,0.14831540645464225,False
Canada,2023-06-01,2023,24.174875036044437,24.10480771811477,0.07006731792966647,1.4274123423767908,False
Canada,2023-07-01,2023,24.08199337372558,24.061107002227992,0.020886371497589096,0.2569616224259598,False
Canada,2023-08-01,2023,24.16446127429643,24.11525225061571,0.04920902368071722,0.93100860695161,False
Canada,2023-09-01,2023,24.11645731168735,24.064810104586154,0.05164720710119397,0.9890346057763879,False
Canada,2023-10-01,2023,24.10102790964479,24.128603256812013,-0.027575347167221764,-0.8963722927645492,False
Canada,2023-11-01,2023,24.090434078207583,24.07876245278072,0.01167162542686384,0.03766112182376154,False
Canada,2023-12-01,2023,24.053081182804412,23.992442501722937,0.06063868108147474,1.2030214839706364,False
Canada,2024-01-01,2024,24.00643162941531,24.044210606681997,-0.03777897726668655,-1.1392071111738393,False
Canada,2024-02-01,2024,24.076614062676974,24.052515186731863,0.02409887594511062,0.33341558308000635,False
Canada,2024-03-01,2024,24.151499387801717,24.1723427947667,-0.02084340696498188,-0.7361597546170845,False
Canada,2024-04-01,2024,24.14690968011526,24.10832906773965,0.03858061237561117,0.678064477843083,False
Canada,2024-05-01,2024,24.140867959523685,24.13722291782148,0.003645041702206697,-0.15336246313805696,False
Canada,2024-06-01,2024,24.117364191436817,24.091094538722366,0.026269652714450586,0.38507760703140637,False
Canada,2024-07-01,2024,24.048123189956264,24.100233762628587,-0.052110572672322775,-1.4802828199086782,False
Canada,2024-08-01,2024,24.124843939258596,24.026817403905863,0.09802653535273365,2.0928099919988115,True
Canada,2024-09-01,2024,24.097716128969765,24.086229732608707,0.011486396361057416,0.03325288023515426,False
Canada,2024-10-01,2024,24.132379085468017,24.116131848557988,0.016247236910029272,0.14655548322208597,False
Canada,2024-11-01,2024,24.0782802138934,24.0524601188919,0.02582009500149951,0.37437864357185324,False
Canada,2024-12-01,2024,24.017751040644463,24.079135324184282,-0.061384283539819506,-1.7009866157672668,False
Chile,2023-01-01,2023,21.1684992781085,21.238719444587176,-0.07022016647867702,-0.2988065639406533,False
Chile,2023-02-01,2023,21.03330079085361,21.1827762202663,-0.14947542941269276,-0.9131692940379473,False
Chile,2023-03-01,2023,21.39503783586447,21.146091016425938,0.24894681943853314,2.175278986545407,True
Chile,2023-04-01,2023,21.316469415511094,21.208590511504937,0.10787890400615652,1.0817633454917157,False
Chile,2023-05-01,2023,21.15513758055099,21.18260667471336,-0.02746909416237031,0.03258676604804122,False
Chile,2023-06-01,2023,21.11981172682203,21.278964028104237,-0.1591523012822087,-0.9881814661066607,False
Chile,2023-07-01,2023,21.286109678249662,21.25350857743878,0.032601100810882855,0.49823267541774274,False
Chile,2023-08-01,2023,21.233562213886003,21.201245132202356,0.03231708168364733,0.4960310453940869,False
Chile,2023-09-01,2023,21.25856381021737,21.169866982720112,0.08869682749725882,0.9330697135905385,False
Chile,2023-10-01,2023,21.001624694734055,21.33260527791552,-0.3309805831814643,-2.3201421267310853,True
Chile,2023-11-01,2023,21.05790061504562,21.035830002753556,0.022070612292065306,0.41660352630918196,False
Chile,2023-12-01,2023,21.129972196383314,21.181603977940654,-0.05163178155734016,-0.15471504893451862,False
Chile,2024-01-01,2024,20.96727951459651,21.16278758211022,-0.19550806751371042,-1.2700003254467656,False
Chile,2024-02-01,2024,21.057931288743085,20.9616408445463,0.09629044419678578,0.9919331242225597,False
Chile,2024-03-01,2024,21.304368193216987,21.11158292604344,0.19278526717354794,1.7399316884770852,False
Chile,2024-04-01,2024,21.062319908475946,21.224421695135888,-0.16210178665994235,-1.0110449810577766,False
Chile,2024-05-01,2024,21.109086278601925,21.194080791986902,-0.08499451338497721,-0.413332814497869,False
Chile,2024-06-01,2024,21.197709189767888,21.23987669851894,-0.04216750875105291,-0.08135088024206098,False
Chile,2024-07-01,2024,21.11498887315522,21.229411103618826,-0.11442223046360667,-0.6414475407086638,False
Chile,2024-08-01,2024,21.17103071624482,21.224318770622848,-0.05328805437802586,-0.16755397286502882,False
Chile,2024-09-01,2024,21.125959357752446,21.27171523776322,-0.14575588001077477,-0.8843364766237068,False
Chile,2024-10-01,2024,21.190665261317285,21.18219187125189,0.008473390065393716,0.3112019888002798,False
Chile,2024-11-01,2024,21.226823583561185,21.227006009328854,-0.00018242576766880347,0.24410473305277147,False
Chile,2024-12-01,2024,21.127266075323284,21.13012673232577,-0.0028606570024862776,0.22334389784332678,False
"China, People'S Republic Of",2023-01-01,2023,23.286671479801136,23.116835836978876,0.16983564282226027,2.016565598034886,True
"China, People'S Republic Of",2023-02-01,2023,23.1898585321849,23.12914503334813,0.06071349883676902,0.8720880989748137,False
"China, People'S Republic Of",2023-03-01,2023,23.352927093399327,23.26013155579276,0.09279553760656611,1.2085658307621172,False
"China, People'S Republic Of",2023-04-01,2023,23.293286864259166,23.18661470410236,0.10667216015680481,1.3541044143314556,False
"China, People'S Republic Of",2023-05-01,2023,23.093997522247513,23.21513158630127,-0.12113406405375571,-1.0351365612626935,False
"China, People'S Republic Of",2023-06-01,2023,23.03364212926861,23.20807042182947,-0.174428292560858,-1.5940886046193024,False
"China, People'S Republic Of",2023-07-01,2023,23.10273849402536,23.157213936692987,-0.05447544266762705,-0.3360182200309442,False
"China, People'S Republic Of",2023-08-01,2023,23.101237118406104,23.191366637368393,-0.09012951896228927,-0.7099596271429364,False
"China, People'S Republic Of",2023-09-01,2023,23.189688656657772,23.26238906852257,-0.07270041186479759,-0.5271624406760027,False
"China, People'S Republic Of",2023-10-01,2023,23.483608826448908,23.30695059952008,0.17665822692882927,2.0881211385533276,True
"China, People'S Republic Of",2023-11-01,2023,23.357760885667016,23.374435487288707,-0.01667460162169121,0.06043854339529549,False
"China, People'S Republic Of",2023-12-01,2023,23.21238826094084,23.276180726607773,-0.06379246566693197,-0.43373553744680643,False
"China, People'S Republic Of",2024-01-01,2024,23.213801485651732,23.14740530901251,0.06639617663922337,0.9316882556596188,False
"China, People'S Republic Of",2024-02-01,2024,23.21334593268886,23.13440634687295,0.07893958581590965,1.0632440429627878,False
"China, People'S Republic Of",2024-03-01,2024,23.261203468293722,23.307653015970423,-0.046449547676701286,-0.25184230585393935,False
"China, People'S Republic Of",2024-04-01,2024,23.1701592543627,23.234018859102594,-0.06385960473989272,-0.4344396947837585,False
"China, People'S Republic Of",2024-05-01,2024,23.150166320477435,23.216953490263982,-0.0667871697865472,-0.46514411645802733,False
"China, People'S Republic Of",2024-06-01,2024,23.154828558778153,23.21586382457485,-0.06103526579669705,-0.4048179126949066,False
"China, People'S Republic Of",2024-07-01,2024,23.100008665298827,23.233442368761647,-0.13343370346282057,-1.1641356812955521,False
"China, People'S Republic Of",2024-08-01,2024,23.205412223042604,23.238101267647625,-0.03268904460502142,-0.10752158811420612,False
"China, People'S Republic Of",2024-09-01,2024,23.138022995459888,23.265101534415663,-0.12707853895577514,-1.0974824566108745,False
"China, People'S Republic Of",2024-10-01,2024,23.31616094507408,23.331779609112115,-0.015618664038033359,0.0715132598622754,False
"China, People'S Republic Of",2024-11-01,2024,23.25720655052299,23.329649371635433,-0.0724428211124426,-0.5244608183538145,False
"China, People'S Republic Of",2024-12-01,2024,23.232475392260636,23.310250267268408,-0.07777487500777269,-0.5803836171928134,False
Colombia,2023-01-01,2023,20.9875701145248,20.945840890131937,0.04172922439286353,0.016297847919399318,False
Colombia,2023-02-01,2023,21.161144151805345,20.836267988838394,0.32487616296695165,2.060198422755253,True
Colombia,2023-03-01,2023,21.304008063508192,21.113813549033694,0.19019451447449853,1.087996850808761,False
Colombia,2023-04-01,2023,21.111253771793034,21.155781290666035,-0.044527518873000105,-0.6063477933593132,False
Colombia,2023-05-01,2023,20.98560212333021,21.184864794373375,-0.19926267104316508,-1.7233058931381677,False
Colombia,2023-06-01,2023,20.959745953997004,21.052465533672798,-0.09271957967579425,-0.954222932936646,False
Colombia,2023-07-01,2023,21.048171598334957,20.85062224331871,0.19754935501624615,1.1410878815181416,False
Colombia,2023-08-01,2023,21.071183213087217,20.953436258033687,0.11774695505352994,0.5650330176425868,False
Colombia,2023-09-01,2023,21.268132765202203,21.065506989509007,0.20262577569319618,1.1777321030378167,False
Colombia,2023-10-01,2023,21.09220152977477,21.073612782865933,0.018588746908836384,-0.1507420482905452,False
Colombia,2023-11-01,2023,21.072765588650256,21.069837409723345,0.002928178926911329,-0.2637881015578215,False
Colombia,2023-12-01,2023,21.146030980733897,21.175139279931276,-0.029108299197378784,-0.4950439165904799,False
Colombia,2024-01-01,2024,21.093638058503984,21.085506969275013,0.008131089228971433,-0.22623081271425,False
Colombia,2024-02-01,2024,21.07716513072982,21.01915450117934,0.05801062955048053,0.13382542398422556,False
Colombia,2024-03-01,2024,21.158000095642393,21.27256785409014,-0.11456775844774825,-1.1119343508173967,False
Colombia,2024-04-01,2024,21.19485056185139,21.25930062430577,-0.06445006245438023,-0.7501589837018162,False
Colombia,2024-05-01,2024,20.973229129298574,21.19057602785377,-0.21734689855519562,-1.853847170375499,False
Colombia,2024-06-01,2024,21.02774991801402,21.064993662097695,-0.03724374408367481,-0.5537697518878125,False
Colombia,2024-07-01,2024,21.12506412447756,20.971608370516403,0.15345575396115763,0.8227975372999338,False
Colombia,2024-08-01,2024,21.302195818067553,21.08725797713126,0.21493784093629387,1.2666069372652733,False
Colombia,2024-09-01,2024,21.121341243676362,21.19203193265335,-0.07069068897698827,-0.7952070432045218,False
Colombia,2024-10-01,2024,21.340100897695233,21.165270381014146,0.1748305166810873,0.977091594054543,False
Colombia,2024-11-01,2024,21.242276549094914,21.253619609007913,-0.01134305991299911,-0.3668052608299864,False
Colombia,2024-12-01,2024,21.273983303992086,21.151013193943324,0.12297011004876168,0.6027364431183229,False
Dominican Republic,2023-01-01,2023,20.73191208518008,20.890742611192156,-0.1588305260120748,-1.4035001838216163,False
Dominican Republic,2023-02-01,2023,20.752237375520263,20.786357935801703,-0.034120560281440504,0.27715794809590294,False
Dominican Republic,2023-03-01,2023,20.881467387762864,20.888894359707344,-0.007426971944479277,0.6368950071652107,False
Dominican Republic,2023-04-01,2023,20.88024723764311,20.93200559796643,-0.05175836032331915,0.03946153068571957,False
Dominican Republic,2023-05-01,2023,20.85097271773668,20.964573891874537,-0.11360117413785531,-0.7939652714878764,False
Dominican Republic,2023-06-01,2023,20.734459138555625,20.98489922015338,-0.25044008159775544,-2.6380795027589454,True
Dominican Republic,2023-07-01,2023,20.800360599696962,20.82901761669931,-0.028657017002348795,0.3507875765485487,False
Dominican Republic,2023-08-01,2023,20.779124754695825,20.839355189371357,-0.060230434675531797,-0.07471266999532819,False
Dominican Republic,2023-09-01,2023,20.727640256208055,20.82107015569794,-0.0934298994898839,-0.522126396626192,False
Dominican Republic,2023-10-01,2023,20.807598007398685,20.92487472016758,-0.11727671276889495,-0.8434987939553301,False
Dominican Republic,2023-11-01,2023,20.79760792197929,20.81283243500028,-0.015224513020992703,0.531811177317088,False
Dominican Republic,2023-12-01,2023,20.852991221150933,20.802810835050757,0.05018038610017683,1.4132425443392391,False
Dominican Republic,2024-01-01,2024,20.741548132653396,20.887199150357027,-0.14565101770363142,-1.2258860879192646,False
Dominican Republic,2024-02-01,2024,20.771371217181024,20.79064288832699,-0.019271671145965286,0.4772695119895321,False
Dominican Republic,2024-03-01,2024,20.8840005963589,20.877074833745578,0.006925762613320785,0.8303201268699372,False
Dominican Republic,2024-04-01,2024,20.742949765041256,20.887915667348715,-0.1449659023074581,-1.2166531067767017,False
Dominican Republic,2024-05-01,2024,20.85885124713181,20.80903441918233,0.04981682794948128,1.408343040447857,False
Dominican Republic,2024-06-01,2024,20.787796147737776,20.83446219732903,-0.04666604959125564,0.10808823098150085,False
Dominican Republic,2024-07-01,2024,20.812852141130445,20.759179391924267,0.053672749206178594,1.4603074955588415,False
Dominican Republic,2024-08-01,2024,20.860145526139394,20.836045209488933,0.024100316650461195,1.0617735936034822,False
Dominican Republic,2024-09-01,2024,20.77907513686351,20.850019979253805,-0.07094484239029342,-0.21910575317032052,False
Dominican Republic,2024-10-01,2024,20.82737160553828,20.889194839306906,-0.06182323376862797,-0.09617808162173327,False
Dominican Republic,2024-11-01,2024,20.83399210497259,20.84592345681585,-0.011931351843259108,0.5761915769158467,False
Dominican Republic,2024-12-01,2024,20.740130900883912,20.805053257157198,-0.06492235627328569,-0.13794351238539615,False
France,2023-01-01,2023,21.997512196493687,22.11273745629399,-0.11522525980030096,-0.6568144737429211,False
France,2023-02-01,2023,22.0105850392235,22.19655824262266,-0.18597320339916124,-1.2761194510575655,False
France,2023-03-01,2023,22.017870928870703,22.15179465966106,-0.13392373079035735,-0.8204949365698571,False
France,2023-04-01,2023,21.96540846907361,22.11760797570101,-0.1521995066274009,-0.980475260582414,False
France,2023-05-01,2023,22.012911625213444,21.986241160073046,0.02667046514039839,0.5852955332094293,False
France,2023-06-01,2023,22.010081058713787,22.10381279843375,-0.09373173971996351,-0.4686670409180372,False
France,2023-07-01,2023,21.988198654932766,22.056625163461888,-0.06842650852912158,-0.24715310240069682,False
France,2023-08-01,2023,21.981105472760667,22.11734632913078,-0.13624085637011163,-0.8407783162924024,False
France,2023-09-01,2023,22.057080776560657,22.036923452667217,0.020157323893439383,0.5282815680394226,False
France,2023-10-01,2023,22.10112605370377,22.06094075843651,0.04018529526726056,0.7036000540105467,False
France,2023-11-01,2023,22.101065768082442,22.016173591316463,0.0848921767659796,1.0949498632623695,False
France,2023-12-01,2023,22.11299529411245,22.03107122155779,0.08192407255465994,1.0689680238228916,False
France,2024-01-01,2024,21.94996377095402,22.13432729788885,-0.1843635269348276,-1.2620288556915664,False
France,2024-02-01,2024,22.147382703172518,21.987902752790763,0.15947995038175478,1.7478674902251923,False
France,2024-03-01,2024,22.04498068702199,22.18119472692368,-0.13621403990169156,-0.8405435734642474,False
France,2024-04-01,2024,21.95337015444126,22.02701887488054,-0.07364872043928017,-0.2928666830934526,False
France,2024-05-01,2024,21.99058639679236,21.9945388807411,-0.003952483948740593,0.3172319849812622,False
France,2024-06-01,2024,21.936259188228224,21.97438993248922,-0.03813074426099661,0.018046374055933373,False
France,2024-07-01,2024,21.97245381018309,21.949452070926917,0.023001739256173437,0.5531806746718281,False
France,2024-08-01,2024,21.88731203202503,22.07108820391369,-0.1837761718886597,-1.2568873365881261,False
France,2024-09-01,2024,22.00987897658798,21.981649088006506,0.028229888581474682,0.5989462296067057,False
France,2024-10-01,2024,22.18573005847741,21.932519914746216,0.2532101437311951,2.568351765995824,True
France,2024-11-01,2024,22.022851651218996,22.082769548784036,-0.059917897565039624,-0.17267143053801393,False
France,2024-12-01,2024,22.00476954833737,22.121411883565127,-0.11664233522775547,-0.6692191009421065,False
Germany,2023-01-01,2023,22.595514873376025,22.514551186773417,0.08096368660260822,1.0116182206341389,False
Germany,2023-02-01,2023,22.520942487741394,22.520118657217846,0.0008238305235472865,-0.3126012512778546,False
Germany,2023-03-01,2023,22.739603043884863,22.598176521127726,0.1414265227571363,2.010697441388696,True
Germany,2023-04-01,2023,22.508717294436227,22.590797922089507,-0.08208062765327995,-1.6825026111924823,False
Germany,2023-05-01,2023,22.5375244949687,22.521390758164465,0.016133736804235355,-0.05962255875270037,False
Germany,2023-06-01,2023,22.56713366681359,22.52582657816959,0.041307088644000345,0.3563382915715397,False
Germany,2023-07-01,2023,22.52840885592321,22.57977932772475,-0.05137047180154042,-1.175052406587597,False
Germany,2023-08-01,2023,22.639967211863194,22.57315341215408,0.06681379970911294,0.7778075218573223,False
Germany,2023-09-01,2023,22.632079072571244,22.58793411103755,0.04414496153369285,0.40323089561658065,False
Germany,2023-10-01,2023,22.51336489645688,22.571693482321418,-0.05832858586453682,-1.2900272840183036,False
Germany,2023-11-01,2023,22.60139421364419,22.52584210291014,0.07555211073405133,0.9221981182096666,False
Germany,2023-12-01,2023,22.52410765565529,22.510531229695257,0.013576425960032168,-0.10187919585328001,False
Germany,2024-01-01,2024,22.57151033891832,22.566538466855906,0.0049718720624127855,-0.24405960864442489,False
Germany,2024-02-01,2024,22.535581442158716,22.531309133267342,0.0042723088913732,-0.2556190900092181,False
Germany,2024-03-01,2024,22.634000165400977,22.606358503765023,0.02764166163595405,0.13053273836222823,False
Germany,2024-04-01,2024,22.54873900128954,22.55249737265636,-0.0037583713668212226,-0.3883168972040436,False
Germany,2024-05-01,2024,22.55544821114908,22.518717605024573,0.0367306061245074,0.2807171517082645,False
Germany,2024-06-01,2024,22.586920867489297,22.538967513554027,0.047953353935270115,0.4661602246869379,False
Germany,2024-07-01,2024,22.50379534048776,22.490345813688016,0.013449526799742983,-0.1039760593522416,False
Germany,2024-08-01,2024,22.635111401529528,22.566595866043354,0.06851553548617417,0.8059267594288327,False
Germany,2024-09-01,2024,22.60375040746886,22.587220229817245,0.016530177651613798,-0.053071827128701475,False
Germany,2024-10-01,2024,22.634929246824658,22.562939643407848,0.07198960341681016,0.8633317589580891,False
Germany,2024-11-01,2024,22.580732534576324,22.532878755955135,0.04785377862118878,0.464514856498378,False
Germany,2024-12-01,2024,22.36520295430079,22.516507288068446,-0.15130433376765495,-2.826345188899827,True
"Hong Kong Special Administrative Region, People'S Republic Of China",2023-01-01,2023,21.17583643890001,21.244821479740875,-0.06898504084086454,-0.45558711586617234,False
"Hong Kong Special Administrative Region, People'S Republic Of China",2023-02-01,2023,21.798497846928864,21.2334376891343,0.5650601577945658,2.141942734303315,True
"Hong Kong Special Administrative Region, People'S Republic Of China",2023-03-01,2023,21.568550368947502,21.608841352978946,-0.0402909840314436,-0.33803450408811825,False
"Hong Kong Special Administrative Region, People'S Republic Of China",2023-04-01,2023,21.344112666082978,21.39488405979877,-0.050771393715791646,-0.38097020812891563,False
"Hong Kong Special Administrative Region, People'S Republic Of China",2023-05-01,2023,21.34939674607922,21.540283428228985,-0.19088668214976678,-0.9549886613174993,False
"Hong Kong Special Administrative Region, People'S Republic Of China",2023-06-01,2023,21.78689741875684,21.40086181985186,0.3860355989049822,1.4085224093329158,False
"Hong Kong Special Administrative Region, People'S Republic Of China",2023-07-01,2023,21.300932673681505,21.501609979518967,-0.20067730583746268,-0.9950984789382291,False
"Hong Kong Special Administrative Region, People'S Republic Of China",2023-08-01,2023,21.543105186051775,21.33526918656789,0.20783599948388698,0.6784817438082317,False
"Hong Kong Special Administrative Region, People'S Republic Of China",2023-09-01,2023,21.996808197564647,21.605837119423654,0.39097107814099274,1.4287418742354496,False
"Hong Kong Special Administrative Region, People'S Republic Of China",2023-10-01,2023,21.53025762996791,21.863105257580564,-0.3328476276126544,-1.536568325025606,False
"Hong Kong Special Administrative Region, People'S Republic Of China",2023-11-01,2023,21.4927425263976,21.54423753418305,-0.05149500778545146,-0.3839346799835866,False
"Hong Kong Special Administrative Region, People'S Republic Of China",2023-12-01,2023,21.514456299889947,21.567742323245113,-0.053286023355166634,-0.391272037658506,False
"Hong Kong Special Administrative Region, People'S Republic Of China",2024-01-01,2024,21.544399145028446,21.345293869132465,0.19910527589598104,0.6427140805848969,False
"Hong Kong Special Administrative Region, People'S Republic Of China",2024-02-01,2024,21.843078177365364,21.43916875736973,0.40390941999563523,1.4817471319859388,False
"Hong Kong Special Administrative Region, People'S Republic Of China",2024-03-01,2024,21.67440418467637,21.70778489382316,-0.033380709146790366,-0.3097247789701079,False
"Hong Kong Special Administrative Region, People'S Republic Of China",2024-04-01,2024,21.28117278507498,21.592951872236448,-0.31177908716146874,-1.4502556097188142,False
"Hong Kong Special Administrative Region, People'S Republic Of China",2024-05-01,2024,21.48213169526632,21.51223799933429,-0.030106304067967216,-0.2963103331985846,False
"Hong Kong Special Administrative Region, People'S Republic Of China",2024-06-01,2024,21.66803221184137,21.440683702711866,0.22734850912950577,0.7584197771933845,False
"Hong Kong Special Administrative Region, People'S Republic Of China",2024-07-01,2024,21.39207499911503,21.425374099104314,-0.033299099989282155,-0.3093904459870162,False
"Hong Kong Special Administrative Region, People'S Republic Of China",2024-08-01,2024,21.35260409627936,21.461907270480005,-0.10930317420064384,-0.6207607582666382,False
"Hong Kong Special Administrative Region, People'S Republic Of China",2024-09-01,2024,21.871774370549442,21.510630412237987,0.3611439583114553,1.306547377268122,False
"Hong Kong Special Administrative Region, People'S Republic Of China",2024-10-01,2024,21.46107069517957,21.651484643473133,-0.19041394829356406,-0.9530519850279934,False
"Hong Kong Special Administrative Region, People'S Republic Of China",2024-11-01,2024,21.561671868074207,21.496458209253728,0.06521365882047903,0.09419250390617576,False
"Hong Kong Special Administrative Region, People'S Republic Of China",2024-12-01,2024,21.47323718343614,21.56901770253448,-0.09578051909834073,-0.5653617104426426,False
India,2023-01-01,2023,21.812775944160943,22.11470858022439,-0.301932636063448,-2.374662729442889,True
India,2023-02-01,2023,21.818071974402073,21.88619224221461,-0.06812026781253522,-0.4216804087539917,False
India,2023-03-01,2023,22.10688491719151,21.917504322213798,0.1893805949777132,1.729166598842363,False
India,2023-04-01,2023,21.901174896992895,21.91934019981176,-0.01816530281886486,-0.004417779778887892,False
India,2023-05-01,2023,21.96524476037405,21.9629629445224,0.002281815851649327,0.16637242080489228,False
India,2023-06-01,2023,21.929949472447127,21.917724180030092,0.012225292417035405,0.24942805247936234,False
India,2023-07-01,2023,21.899685412904336,21.954299771648795,-0.05461435874445897,-0.3088685766336359,False
India,2023-08-01,2023,22.058531128505138,21.956722476931613,0.10180865157352414,0.9976977781971905,False
India,2023-09-01,2023,21.988924877353366,21.931039647008244,0.057885230345121386,0.6308152827802394,False
India,2023-10-01,2023,21.967211939431706,22.077007698804913,-0.10979575937320618,-0.7697864513593404,False
India,2023-11-01,2023,21.83944815238112,22.007020249383075,-0.16757209700195475,-1.252379253387717,False
India,2023-12-01,2023,21.887273441473642,21.962299654414178,-0.07502621294053569,-0.4793642209642976,False
India,2024-01-01,2024,21.751028283882214,21.80019929731245,-0.04917101343023589,-0.2634015329369819,False
India,2024-02-01,2024,21.789340724097258,21.790706260613927,-0.0013655365166691524,0.13590690374976122,False
India,2024-03-01,2024,22.12894823256802,21.875664773341747,0.2532834592262745,2.262932904929704,True
India,2024-04-01,2024,21.942177858692542,21.93278949589918,0.009388362793362859,0.22573181501545966,False
India,2024-05-01,2024,22.033208397565403,21.94381537301283,0.08939302455257447,0.8939928277124447,False
India,2024-06-01,2024,22.12265992056333,22.14191225849655,-0.019252337933220787,-0.013497540512618334,False
India,2024-07-01,2024,21.893996955664743,22.0420425673037,-0.14804561163895613,-1.0892788965314755,False
India,2024-08-01,2024,22.13385802200618,22.020950401634416,0.1129076203717645,1.0904049775767362,False
India,2024-09-01,2024,21.93161751071445,21.971579496797393,-0.03996198608294321,-0.18648059101015135,False
India,2024-10-01,2024,21.84665897561267,22.014436797876215,-0.16777782226354532,-1.2540976304000668,False
India,2024-11-01,2024,22.017297449273663,21.996801453503107,0.020495995770556164,0.31851138434038057,False
India,2024-12-01,2024,21.893964472302695,21.94548725500747,-0.05152278270477595,-0.2830453347164806,False
Ireland,2023-01-01,2023,21.206021594826773,21.00951464948864,0.1965069453381325,1.5849768317232096,False
Ireland,2023-02-01,2023,21.041318406883285,21.157698907804406,-0.11638050092112096,-0.7008114031706068,False
Ireland,2023-03-01,2023,21.045997340608007,21.116592651855786,-0.07059531124777862,-0.3663293102042047,False
Ireland,2023-04-01,2023,21.017121815557033,21.188387807416955,-0.1712659918599222,-1.1017754269887172,False
Ireland,2023-05-01,2023,21.11273061645007,21.022467054859632,0.09026356159043658,0.8088195281650132,False
Ireland,2023-06-01,2023,21.197375540967297,21.108877679315718,0.0884978616515788,0.7959202693585424,False
Ireland,2023-07-01,2023,20.971756095567322,21.17135181391418,-0.1995957183468562,-1.3087372475276529,False
Ireland,2023-08-01,2023,21.045369415624076,21.07524052022929,-0.02987110460521336,-0.06882005078243174,False
Ireland,2023-09-01,2023,20.83877330947178,21.06228064682465,-0.22350733735287065,-1.4834227392425343,False
Ireland,2023-10-01,2023,21.033968235227878,20.98321395022488,0.0507542850029985,0.5201858975338168,False
Ireland,2023-11-01,2023,21.09203258941457,20.891035919432507,0.2009966699820609,1.6177763572129633,False
Ireland,2023-12-01,2023,21.084350311499467,21.026885643005862,0.057464668493604876,0.5692083681309418,False
Ireland,2024-01-01,2024,21.028274284340014,21.12157462533595,-0.09330034099593476,-0.5322001065296246,False
Ireland,2024-02-01,2024,20.975364639081256,20.994485923644522,-0.01912128456326556,0.009712381479967905,False
Ireland,2024-03-01,2024,20.963092177448456,21.08648143169675,-0.12338925424829483,-0.7520136041155836,False
Ireland,2024-04-01,2024,21.182965271730385,20.951197369431362,0.23176790229902267,1.8425745127292954,False
Ireland,2024-05-01,2024,21.176786943282195,21.030262613460305,0.14652432982189012,1.2198305918782828,False
Ireland,2024-06-01,2024,21.086740488287003,21.105803174531953,-0.019062686244950555,0.010140469433608657,False
Ireland,2024-07-01,2024,21.110404813282212,21.172179288580416,-0.06177447529820412,-0.3018890033893399,False
Ireland,2024-08-01,2024,21.11450701353814,21.295764197245834,-0.18125718370769306,-1.1747657276583026,False
Ireland,2024-09-01,2024,21.07471889011446,21.200674940012465,-0.12595604989800435,-0.7707652394644215,False
Ireland,2024-10-01,2024,20.960200335288768,21.162224795676487,-0.20202446038771882,-1.3264803370921854,False
Ireland,2024-11-01,2024,21.037199154007432,20.945979535060292,0.09121961894713948,0.8158039715613917,False
Ireland,2024-12-01,2024,20.93892086633968,20.94663307052271,-0.007712204183032867,0.09306101695857173,False
Israel,2023-01-01,2023,20.870979073397024,20.795559051586945,0.07542002181007845,0.5557426090752651,False
Israel,2023-02-01,2023,20.731517194668662,20.81121637105824,-0.07969917638957824,-0.5152208175622853,False
Israel,2023-03-01,2023,20.89805191990485,21.02315131697902,-0.12509939707416962,-0.828669935909898,False
Israel,2023-04-01,2023,20.657211076765837,20.72673157967499,-0.06952050290915324,-0.44494591183984944,False
Israel,2023-05-01,2023,20.747713694708715,20.78309527950635,-0.03538158479763709,-0.2092463134229658,False
Israel,2023-06-01,2023,21.143645518459287,20.83177342533202,0.31187209312726694,2.1882389310809,True
Israel,2023-07-01,2023,20.8468626190917,20.802526827492112,0.044335791599586116,0.3411329792745032,False
Israel,2023-08-01,2023,20.76552710657316,21.011889358503527,-0.24636225193036765,-1.665884697641004,False
Israel,2023-09-01,2023,20.655859984407012,20.89541588815353,-0.23955590374651692,-1.618892771055084,False
Israel,2023-10-01,2023,20.929707299275925,20.858682336850862,0.07102496242506362,0.5253985387481828,False
Israel,2023-11-01,2023,20.908406996588237,20.81611327466536,0.09229372192287855,0.6722408626931,False
Israel,2023-12-01,2023,21.17571172470324,20.886843972385048,0.2888677523181933,2.029413924593224,True
Israel,2024-01-01,2024,21.017644738498248,20.99243130402574,0.025213434472508567,0.20910970071266696,False
Israel,2024-02-01,2024,21.052195811366992,20.942275784636,0.10992002673099321,0.7939351985029031,False
Israel,2024-03-01,2024,21.028446978923608,21.173369207190003,-0.14492222826639534,-0.9655293799095948,False
Israel,2024-04-01,2024,20.90228485719826,21.00892684316603,-0.10664198596776941,-0.7012375324756976,False
Israel,2024-05-01,2024,20.83158822861566,20.947238559089246,-0.11565033047358497,-0.7634323324247161,False
Israel,2024-06-01,2024,21.01984748890051,20.91391356301946,0.10593392588105033,0.7664146319017077,False
Israel,2024-07-01,2024,20.95538844044663,20.90115617162424,0.054232268822389074,0.4094595647725256,False
Israel,2024-08-01,2024,20.78202524739596,20.94976070511764,-0.16773545772167964,-1.1230349283759615,False
Israel,2024-09-01,2024,20.874558491364287,20.842992757527426,0.03156573383686023,0.2529668142951987,False
Israel,2024-10-01,2024,20.86784094179646,20.92623487332008,-0.05839393152362149,-0.3681265938181117,False
Israel,2024-11-01,2024,20.79141346678393,20.882051259966378,-0.09063779318244869,-0.5907424722583674,False
Israel,2024-12-01,2024,20.99763252558722,20.85049207332368,0.14714045226354244,1.0509099310433587,False
Italy,2023-01-01,2023,21.614228343140987,21.41469459596526,0.19953374717572814,0.9237487757995855,False
Italy,2023-02-01,2023,21.525047099942945,21.665213851038747,-0.14016675109580135,-0.8599660466926731,False
Italy,2023-03-01,2023,21.553014459016957,21.715285668105643,-0.16227120908868642,-0.9760331398105375,False
Italy,2023-04-01,2023,21.546355631599308,21.580811697778042,-0.03445606617873409,-0.3048955756695082,False
Italy,2023-05-01,2023,21.430677026601625,21.53551619821125,-0.10483917160962619,-0.6744663859830339,False
Italy,2023-06-01,2023,21.443015780694495,21.509970874159173,-0.06695509346467787,-0.4755429458720167,False
Italy,2023-07-01,2023,21.4851522730355,21.470328488143853,0.014823784891646596,-0.04613469291629002,False
Italy,2023-08-01,2023,21.700497287120303,21.481192282132557,0.21930500498774563,1.0275645953172314,False
Italy,2023-09-01,2023,21.918379724185435,21.632342298699815,0.2860374254856204,1.3779662231879712,False
Italy,2023-10-01,2023,21.52791893364997,21.814321155863343,-0.28640222221337197,-1.6278259077578539,False
Italy,2023-11-01,2023,21.55689614715475,21.611485296382483,-0.05458914922773417,-0.41061128359368126,False
Italy,2023-12-01,2023,21.822700836095425,21.52543023247473,0.2972706036206958,1.436949905711787,False
Italy,2024-01-01,2024,21.76724067805539,21.70026439298505,0.06697628507033926,0.22771002639409305,False
Italy,2024-02-01,2024,21.734468331812906,21.843484065752804,-0.1090157339398985,-0.6963968693749504,False
Italy,2024-03-01,2024,21.82688714185352,21.802813653072796,0.02407348878072213,0.0024340728481348126,False
Italy,2024-04-01,2024,21.408167312427786,21.76019887552906,-0.35203156310127426,-1.9724354350555646,False
Italy,2024-05-01,2024,21.623270493314074,21.43593931947643,0.18733117383764508,0.8596749488654559,False
Italy,2024-06-01,2024,21.82352031282004,21.54297558461449,0.28054472820555176,1.3491249185570606,False
Italy,2024-07-01,2024,21.60497815957675,21.56526824659442,0.03970991298232818,0.08453852003351282,False
Italy,2024-08-01,2024,21.881595611401572,21.679252749444405,0.20234286195716678,0.9384990034243006,False
Italy,2024-09-01,2024,21.654578045393897,21.752788913069303,-0.09821086767540521,-0.6396621862965108,False
Italy,2024-10-01,2024,21.692649714443686,21.657227570364935,0.035422144078751217,0.06202410810992984,False
Italy,2024-11-01,2024,21.962399838711086,21.650245503891256,0.3121543348198301,1.5151020782548656,False
Italy,2024-12-01,2024,21.454795556893973,21.644744892962823,-0.18994933606884956,-1.1213667074813083,False
Japan,2023-01-01,2023,22.522282677962455,22.51158875623854,0.010693921723913036,0.19465493560498512,False
Japan,2023-02-01,2023,22.573081318681805,22.542973118967886,0.030108199713918538,0.5520119244385812,False
Japan,2023-03-01,2023,22.586353849876392,22.650144348326386,-0.0637904984499933,-1.1763735477651542,False
Japan,2023-04-01,2023,22.506394873229354,22.605850321724507,-0.09945544849515287,-1.832855295971297,False
Japan,2023-05-01,2023,22.571399761836528,22.54069780155621,0.03070196028031802,0.5629412254512628,False
Japan,2023-06-01,2023,22.53806972611931,22.58850191954218,-0.050432193422867755,-0.9304883460145782,False
Japan,2023-07-01,2023,22.55639101653447,22.585415820144,-0.029024803609530636,-0.5364443147907838,False
Japan,2023-08-01,2023,22.597584917939724,22.581433242158585,0.016151675781138408,0.2951153573980826,False
Japan,2023-09-01,2023,22.62246125353319,22.597800688189928,0.024660565343261,0.4517377748685189,False
Japan,2023-10-01,2023,22.624114940368642,22.63129565225005,-0.00718071188140712,-0.13436194799941029,False
Japan,2023-11-01,2023,22.521116607969685,22.59972640058159,-0.07860979261190693,-1.4491510541481893,False
Japan,2023-12-01,2023,22.569141737707582,22.530353465703993,0.0387882720035897,0.71178528803684,False
Japan,2024-01-01,2024,22.45294437619546,22.532218267080026,-0.07927389088456493,-1.461375055428527,False
Japan,2024-02-01,2024,22.496362199967447,22.548663353301794,-0.052301153334347816,-0.9648901345622156,False
Japan,2024-03-01,2024,22.63399985258878,22.603119909477176,0.03087994311160358,0.5662173405189995,False
Japan,2024-04-01,2024,22.520323374922985,22.56607587132585,-0.04575249640286572,-0.8443495549360537,False
Japan,2024-05-01,2024,22.63412453171724,22.589506464323023,0.04461806739421803,0.8190938434919238,False
Japan,2024-06-01,2024,22.72925515542218,22.599356067183013,0.12989908823916707,2.3888544510970635,True
Japan,2024-07-01,2024,22.690495404964633,22.631529542366124,0.05896586259850878,1.0831925080544682,False
Japan,2024-08-01,2024,22.620224318691363,22.606081692058016,0.014142626633347533,0.2581349580114636,False
Japan,2024-09-01,2024,22.65151187849266,22.602978605489106,0.048533273003553035,0.8911607052076485,False
Japan,2024-10-01,2024,22.626932645389182,22.643818033972682,-0.01688538858349986,-0.3129951191968539,False
Japan,2024-11-01,2024,22.61057190515079,22.558609398881966,0.05196250626882204,0.9542823146909061,False
Japan,2024-12-01,2024,22.589261035012193,22.59380884025632,-0.004547805244126124,-0.08589825605768078,False
"Korea, Republic Of",2023-01-01,2023,22.396191526805204,22.43151004756984,-0.03531852076463693,-0.3103134773033629,False
"Korea, Republic Of",2023-02-01,2023,22.327057893085836,22.34920177884736,-0.022143885761522597,-0.13649200375948284,False
"Korea, Republic Of",2023-03-01,2023,22.487384695905817,22.478432607823514,0.008952088082303078,0.27377727455737483,False
"Korea, Republic Of",2023-04-01,2023,22.400073147053384,22.45880791982508,-0.0587347727716967,-0.6192592225008433,False
"Korea, Republic Of",2023-05-01,2023,22.386405114975865,22.418039927738906,-0.03163481276304125,-0.2617119370867739,False
"Korea, Republic Of",2023-06-01,2023,22.309303782598445,22.402949925775545,-0.09364614317710007,-1.0798674933082646,False
"Korea, Republic Of",2023-07-01,2023,22.19647794425604,22.33316167415427,-0.1366837298982304,-1.6476901874376284,False
"Korea, Republic Of",2023-08-01,2023,22.426806420439505,22.295909124660547,0.1308972957789578,1.8826792053081218,False
"Korea, Republic Of",2023-09-01,2023,22.497791371022025,22.37216588186,0.12562548916202587,1.8131248537699676,False
"Korea, Republic Of",2023-10-01,2023,22.573621662568197,22.487851374324407,0.08577028824378985,1.2872894321163464,False
"Korea, Republic Of",2023-11-01,2023,22.431236066701608,22.434730501855107,-0.003494435153498898,0.10956225009302949,False
"Korea, Republic Of",2023-12-01,2023,22.46153617445415,22.48882929221335,-0.02729311775919996,-0.20442914913345314,False
"Korea, Republic Of",2024-01-01,2024,22.373589944847843,22.4390479399115,-0.06545799506365668,-0.7079630389993872,False
"Korea, Republic Of",2024-02-01,2024,22.343123188600984,22.3304453552551,0.012677833345883016,0.32293343953739195,False
"Korea, Republic Of",2024-03-01,2024,22.5784872467571,22.513279230951678,0.06520801580542113,1.0159980837182259,False
"Korea, Republic Of",2024-04-01,2024,22.356829249583292,22.51303292083717,-0.15620367125387702,-1.9052293882675986,False
"Korea, Republic Of",2024-05-01,2024,22.49335145211499,22.44349426182698,0.049857190288008724,0.8134647223825333,False
"Korea, Republic Of",2024-06-01,2024,22.473822839804807,22.46785970689187,0.005963132912938818,0.23434205743199119,False
"Korea, Republic Of",2024-07-01,2024,22.389983659172863,22.471286313044327,-0.08130265387146451,-0.9170118620690302,False
"Korea, Republic Of",2024-08-01,2024,22.47612394782201,22.372422505150137,0.10370144267187342,1.5238667402767299,False
"Korea, Republic Of",2024-09-01,2024,22.406743078692653,22.467781235715023,-0.06103815702237014,-0.6496492594540628,False
"Korea, Republic Of",2024-10-01,2024,22.40132033794859,22.43044201646165,-0.0291216785130608,-0.22855453284430854,False
"Korea, Republic Of",2024-11-01,2024,22.361634337249342,22.41563121876679,-0.05399688151744897,-0.5567491613788976,False
"Korea, Republic Of",2024-12-01,2024,22.377469388860746,22.393218176816113,-0.01574878795536705,-0.05211734564861899,False
Malaysia,2023-01-01,2023,21.07840998972198,21.17157207528783,-0.09316208556585082,-0.7643829298780914,False
Malaysia,2023-02-01,2023,21.03596783012473,21.059957757526945,-0.023989927402215727,-0.26716279498264356,False
Malaysia,2023-03-01,2023,21.131907230647766,21.096425599263533,0.03548163138423277,0.16032793636461315,False
Malaysia,2023-04-01,2023,20.966385667145158,20.90843684971102,0.05794881743413782,0.3218255327245278,False
Malaysia,2023-05-01,2023,21.08346837659674,21.005544537862352,0.0779238387343888,0.4654090647281835,False
Malaysia,2023-06-01,2023,21.118403659743002,21.04831399720295,0.07008966254005244,0.40909579870389956,False
Malaysia,2023-07-01,2023,21.199351971444365,21.09771339607396,0.101638575370405,0.635874246995244,False
Malaysia,2023-08-01,2023,21.25383585278353,21.149380331691567,0.10445552109196399,0.6561228870384437,False
Malaysia,2023-09-01,2023,21.273404863608317,21.201075195528173,0.07232966808014396,0.42519730379466286,False
Malaysia,2023-10-01,2023,21.373415273905593,21.331187078143042,0.04222819576255077,0.20882328101372125,False
Malaysia,2023-11-01,2023,21.365717728488473,21.33484713900757,0.0308705894809016,0.12718305642954994,False
Malaysia,2023-12-01,2023,21.39358920666771,21.37194997483581,0.021639231831898087,0.06082663475122943,False
Malaysia,2024-01-01,2024,21.32255991410045,21.322423086434608,0.0001368276658411105,-0.09373596071863326,False
Malaysia,2024-02-01,2024,21.30599336988329,21.3524212656805,-0.04642789579721196,-0.42845037033554084,False
Malaysia,2024-03-01,2024,21.4227446359382,21.498694244072556,-0.07594960813435492,-0.6406569890143217,False
Malaysia,2024-04-01,2024,21.37508950089075,21.49040203589052,-0.11531253499977012,-0.9236037746213484,False
Malaysia,2024-05-01,2024,21.54675905865626,21.40972280971818,0.13703624893808097,0.8903181807043662,False
Malaysia,2024-06-01,2024,21.568646610610873,21.5031834822197,0.06546312839117263,0.37583955811989855,False
Malaysia,2024-07-01,2024,21.830993885868264,21.49049793057483,0.34049595529343435,2.3528179107327505,True
Malaysia,2024-08-01,2024,21.949261143116928,21.695391758595783,0.2538693845211455,1.7301327676288678,False
Malaysia,2024-09-01,2024,21.660842095685343,21.780066787858015,-0.11922469217267206,-0.9517249633898249,False
Malaysia,2024-10-01,2024,21.55353502309539,21.86739995416937,-0.31386493107398294,-2.350829001948944,True
Malaysia,2024-11-01,2024,21.456619701161703,21.681455007344756,-0.2248353061830528,-1.7108703354398016,False
Malaysia,2024-12-01,2024,21.47419956167003,21.55678787697099,-0.08258831530095989,-0.6883770394008085,False
Mexico,2023-01-01,2023,24.028777784411783,23.984989253908,0.0437885305037824,1.2255948066443625,False
Mexico,2023-02-01,2023,23.941425408926744,23.999204331465684,-0.057778922538940236,-0.6947440067495345,False
Mexico,2023-03-01,2023,24.10063150122905,24.059123044868283,0.04150845636076639,1.1824853779535818,False
Mexico,2023-04-01,2023,23.941526463058658,24.034127572215365,-0.09260110915670694,-1.35312811037784,False
Mexico,2023-05-01,2023,24.03306639467894,24.072824532922517,-0.039758138243577434,-0.3540245095733284,False
Mexico,2023-06-01,2023,24.02911249103886,24.082662612908898,-0.053550121870038936,-0.6147899484826467,False
Mexico,2023-07-01,2023,23.996938444288276,24.051515124477493,-0.0545766801892178,-0.6341991167297066,False
Mexico,2023-08-01,2023,24.09303074638387,24.08027801516793,0.012752731215940116,0.6388000393080507,False
Mexico,2023-09-01,2023,24.0383446929449,24.04419258325506,-0.005847890310160864,0.28711754260512634,False
Mexico,2023-10-01,2023,24.113389867633288,24.084101660912705,0.029288206720583077,0.9514367596177867,False
Mexico,2023-11-01,2023,23.978981198215404,24.055179345285904,-0.07619814707049954,-1.042996825156747,False
Mexico,2023-12-01,2023,23.895089672867005,24.01331363599811,-0.11822396313110417,-1.837580161924924,False
Mexico,2024-01-01,2024,23.99811183659139,24.01365799070002,-0.015546154108626808,0.10375218454211345,False
Mexico,2024-02-01,2024,24.01578673999516,24.052493415776315,-0.036706675781154274,-0.29633041930465875,False
Mexico,2024-03-01,2024,24.018435030551565,24.12585866591119,-0.1074236353596234,-1.6333780480033857,False
Mexico,2024-04-01,2024,24.10379644287966,24.084812213447886,0.018984229431772803,0.756619158828797,False
Mexico,2024-05-01,2024,24.090807295384437,24.074893018473407,0.015914276911029646,0.6985754764852048,False
Mexico,2024-06-01,2024,24.04351346903298,24.049157659077302,-0.005644190044321817,0.29096890950535603,False
Mexico,2024-07-01,2024,24.07983387333904,24.04673061893731,0.03310325440173045,1.023567978010888,False
Mexico,2024-08-01,2024,24.126182809564206,24.062417305439993,0.06376550412421267,1.6033000327596783,False
Mexico,2024-09-01,2024,24.06671932097113,24.0474377957477,0.019281525223430407,0.7622401390805971,False
Mexico,2024-10-01,2024,24.092540094003034,24.084105814733018,0.008434279270016276,0.5571509417172538,False
Mexico,2024-11-01,2024,24.017331438001573,24.038806650319007,-0.021475212317433545,-0.008348692895996856,False
Mexico,2024-12-01,2024,23.924828991660636,24.031126668003925,-0.10629767634328857,-1.6120895078600281,False
Netherlands,2023-01-01,2023,22.48280148494235,22.537888500150807,-0.055087015208457046,-1.7812430813567197,False
Netherlands,2023-02-01,2023,22.515407383340357,22.55292246811793,-0.03751508477757426,-1.6268717182858883,False
Netherlands,2023-03-01,2023,22.674099790584666,22.579512069557307,0.09458772102735935,-0.4663338776768505,False
Netherlands,2023-04-01,2023,22.63181457887864,22.468783693268012,0.1630308856106275,0.1349469349896472,False
Netherlands,2023-05-01,2023,22.59597743727406,22.530229251092145,0.06574818618191358,-0.7196923986391113,False
Netherlands,2023-06-01,2023,22.7434339858089,22.4967238781966,0.24671010761229795,0.8700782065317695,False
Netherlands,2023-07-01,2023,22.70039641765179,22.570583427472016,0.12981299017977221,-0.1568759706481518,False
Netherlands,2023-08-01,2023,22.6347179095934,22.58988164862755,0.04483626096585169,-0.903405987350183,False
Netherlands,2023-09-01,2023,22.562413956777654,22.643605512857526,-0.08119155607987238,-2.0105743760889268,True
Netherlands,2023-10-01,2023,22.733951156144638,22.531392739829236,0.2025584163154015,0.4822006882253157,False
Netherlands,2023-11-01,2023,22.59298645413577,22.49261835946175,0.10036809467401753,-0.4155526523354919,False
Netherlands,2023-12-01,2023,22.774445572225595,22.497682220916943,0.27676335130865226,1.1340992947300463,False
Netherlands,2024-01-01,2024,22.58976852200629,22.53742294364105,0.052345578365237344,-0.8374357988592628,False
Netherlands,2024-02-01,2024,22.701733408964817,22.50505273138948,0.19668067757533692,0.4305640997100709,False
Netherlands,2024-03-01,2024,22.75098035255913,22.52823029118315,0.2227500613759794,0.6595865356655983,False
Netherlands,2024-04-01,2024,22.70502608173179,22.47833094399141,0.22669513774038208,0.6942444702725454,False
Netherlands,2024-05-01,2024,22.649665925046698,22.478603490480854,0.1710624345658438,0.20550498577772808,False
Netherlands,2024-06-01,2024,22.7525299282952,22.480747340068085,0.271782588227115,1.0903427371307481,False
Netherlands,2024-07-01,2024,22.735136343796746,22.464947869374722,0.2701884744220244,1.0763382700660844,False
Netherlands,2024-08-01,2024,22.82855252715769,22.575398933575467,0.25315359358222267,0.9266849473800536,False
Netherlands,2024-09-01,2024,22.622430431193287,22.610622723888937,0.011807707304349435,-1.1935655044868585,False
Netherlands,2024-10-01,2024,22.74266944702501,22.539281624688456,0.20338782233655195,0.48948711236225195,False
Netherlands,2024-11-01,2024,22.79377717793957,22.47779204052543,0.3159851374141418,1.47866704765808,False
Netherlands,2024-12-01,2024,22.720706407472427,22.52308755901716,0.19761884845526723,0.4388060352275067,False
Saudi Arabia,2023-01-01,2023,20.79709751264807,20.721422191902178,0.07567532074589067,0.4013820628461821,False
Saudi Arabia,2023-02-01,2023,20.47962077474877,20.782593692885516,-0.30297291813674576,-1.7705122719861863,False
Saudi Arabia,2023-03-01,2023,20.84726630955524,20.755210307316354,0.09205600223888766,0.49534026912311885,False
Saudi Arabia,2023-04-01,2023,20.730398402615485,20.80833885372957,-0.07794045111408465,-0.47974503714541245,False
Saudi Arabia,2023-05-01,2023,20.757315683025933,20.818118503938287,-0.060802820912353894,-0.3814450369726189,False
Saudi Arabia,2023-06-01,2023,20.87899909954297,20.79096588384903,0.08803321569394029,0.4722659050827802,False
Saudi Arabia,2023-07-01,2023,20.87937936569613,20.797300341255475,0.08207902444065596,0.4381131666739665,False
Saudi Arabia,2023-08-01,2023,20.91130397126427,20.881747779807906,0.0295561914563649,0.13684663036429642,False
Saudi Arabia,2023-09-01,2023,21.275016799780424,20.90341520192378,0.3716015978566425,2.0987902078873355,True
Saudi Arabia,2023-10-01,2023,21.047175239877348,21.155637573072692,-0.10846233319534448,-0.654815976274372,False
Saudi Arabia,2023-11-01,2023,20.725235001867933,21.14449803935608,-0.41926303748814675,-2.437542580014564,True
Saudi Arabia,2023-12-01,2023,20.86393082623455,20.961997728987402,-0.09806690275285135,-0.5951886647812032,False
Saudi Arabia,2024-01-01,2024,20.70107814554474,20.660490131211994,0.040588014332747946,0.2001242351375143,False
Saudi Arabia,2024-02-01,2024,20.704676770886827,20.69718053448391,0.007496236402918299,0.010312590357608746,False
Saudi Arabia,2024-03-01,2024,20.915563433008945,20.866313343425226,0.0492500895837189,0.24980916757240854,False
Saudi Arabia,2024-04-01,2024,20.960255304823544,20.69757142016935,0.26268388465419434,1.4740473991914371,False
Saudi Arabia,2024-05-01,2024,20.897931497848663,20.818710808059194,0.07922068978946939,0.42171800039962565,False
Saudi Arabia,2024-06-01,2024,20.647356713231105,20.876467497054005,-0.2291107838229003,-1.3468453045964568,False
Saudi Arabia,2024-07-01,2024,20.578480653293486,20.778659067630418,-0.20017841433693206,-1.180891675536193,False
Saudi Arabia,2024-08-01,2024,20.741371999589234,20.737381620848936,0.003990378740297729,-0.009796713249991991,False
Saudi Arabia,2024-09-01,2024,20.750809702799383,20.6428124879523,0.10799721484708513,0.5867777189743879,False
Saudi Arabia,2024-10-01,2024,20.965535075896607,20.768524318555478,0.19701075734112905,1.097351884687323,False
Saudi Arabia,2024-11-01,2024,20.835581778351386,20.774823261479938,0.06075851687144862,0.315820535016792,False
Saudi Arabia,2024-12-01,2024,20.964322909966977,20.878762258178334,0.08556065178864358,0.45808348724222236,False
Singapore,2023-01-01,2023,21.860965145856945,21.984083999004522,-0.12311885314757731,-0.969517287252789,False
Singapore,2023-02-01,2023,21.95770646207596,21.99012561024583,-0.03241914816986835,-0.3915531977481519,False
Singapore,2023-03-01,2023,21.848427015556357,22.060542157598224,-0.212115142041867,-1.5366267292594773,False
Singapore,2023-04-01,2023,21.927336306802914,21.848322427959463,0.07901387884345112,0.3185294647514374,False
Singapore,2023-05-01,2023,21.832921070898244,21.869354116392962,-0.03643304549471793,-0.41713088307019275,False
Singapore,2023-06-01,2023,22.079519459196955,21.866862495630937,0.21265696356601893,1.170140876268744,False
Singapore,2023-07-01,2023,21.891628698195706,21.927126897890336,-0.03549819969462931,-0.4111737820872486,False
Singapore,2023-08-01,2023,22.13449406057796,21.890877802702494,0.24361625787546615,1.3674222274226793,False
Singapore,2023-09-01,2023,22.14930029002098,21.891217511476437,0.2580827785445443,1.4596069754200258,False
Singapore,2023-10-01,2023,22.161092629733254,22.033145005797362,0.1279476239358921,0.6303490835181736,False
Singapore,2023-11-01,2023,21.959535546050553,21.97143475524397,-0.011899209193416027,-0.26079436176152176,False
Singapore,2023-12-01,2023,22.027150158848325,21.913348298184157,0.11380186066416798,0.5402082920823084,False
Singapore,2024-01-01,2024,21.878497416635355,22.069542831208924,-0.19104541457356916,-1.4023644860105224,False
Singapore,2024-02-01,2024,22.003048291478933,21.967001566141267,0.036046725337666174,0.04473064963202509,False
Singapore,2024-03-01,2024,22.236712615659684,22.06178584424268,0.1749267714170024,0.9297134552798805,False
Singapore,2024-04-01,2024,22.043919544203522,22.085647728764542,-0.04172818456101979,-0.45087300196691615,False
Singapore,2024-05-01,2024,22.17836150490592,22.116915392097138,0.061446112808781095,0.20658270700449693,False
Singapore,2024-06-01,2024,22.12791206322169,22.09369160472824,0.03422045849345068,0.03309316245310948,False
Singapore,2024-07-01,2024,21.757092443979754,22.072481305471687,-0.31538886149193246,-2.1947159837546706,True
Singapore,2024-08-01,2024,22.13353158429399,21.88540748333875,0.2481241009552413,1.3961474743446218,False
Singapore,2024-09-01,2024,22.18991633576936,21.950576359104783,0.23933997666457785,1.3401725580094848,False
Singapore,2024-10-01,2024,22.02623659342323,22.092498448009202,-0.06626185458597078,-0.6072084637158037,False
Singapore,2024-11-01,2024,21.875191238195246,21.997824608752737,-0.1226333705574909,-0.9664236553251151,False
Singapore,2024-12-01,2024,21.98556473247832,21.929595119566734,0.05596961291158564,0.1716849057654222,False
Spain,2023-01-01,2023,21.299472987296014,21.490187517365076,-0.19071453006906225,-1.264807677688231,False
Spain,2023-02-01,2023,21.510546749203264,21.555935700077917,-0.04538895087465278,-0.032241282385854185,False
Spain,2023-03-01,2023,21.60272195246478,21.60080112422214,0.001920828242639061,0.3690125383964083,False
Spain,2023-04-01,2023,21.49573487897114,21.58185216018181,-0.08611728121066875,-0.37767511163481277,False
Spain,2023-05-01,2023,21.477995463756596,21.540617867554147,-0.06262240379755113,-0.17840533048762955,False
Spain,2023-06-01,2023,21.363637650127846,21.512135919620818,-0.14849826949297196,-0.9067540961380178,False
Spain,2023-07-01,2023,21.457312684370038,21.42885809853743,0.02845458583260907,0.5940563202811223,False
Spain,2023-08-01,2023,21.530642362276403,21.52971947165318,0.0009228906232223721,0.3605486163455242,False
Spain,2023-09-01,2023,21.52061317275636,21.56010996944521,-0.03949679668885153,0.017732516346738333,False
Spain,2023-10-01,2023,21.44074159359958,21.575684804140487,-0.1349432105409072,-0.7917880299900398,False
Spain,2023-11-01,2023,21.465210330221666,21.467752526280233,-0.002542196058566759,0.3311597818095914,False
Spain,2023-12-01,2023,21.42250657700469,21.433990507668398,-0.011483930663708009,0.25532122915351874,False
Spain,2024-01-01,2024,21.497890405687315,21.480136246890307,0.01775415879700759,0.5033015691039476,False
Spain,2024-02-01,2024,21.37253194721879,21.520616420137408,-0.14808447291861881,-0.9032445160980399,False
Spain,2024-03-01,2024,21.453520504658048,21.553182060135413,-0.09966155547736477,-0.49254970840181106,False
Spain,2024-04-01,2024,21.733904779171514,21.485598558261998,0.24830622090951593,2.4587090459074243,True
Spain,2024-05-01,2024,21.36876205544972,21.575908793541032,-0.20714673809131057,-1.4041760361087874,False
Spain,2024-06-01,2024,21.365287130684326,21.47668322575021,-0.11139609506588499,-0.5920751962156714,False
Spain,2024-07-01,2024,21.27246510481936,21.3762235756566,-0.10375847083723855,-0.5272973435048048,False
Spain,2024-08-01,2024,21.5105731362439,21.411062652436588,0.09951048380731109,1.1967108049021,False
Spain,2024-09-01,2024,21.28853865311082,21.510388371712338,-0.22184971860151848,-1.5288781001784912,False
Spain,2024-10-01,2024,21.378068361742717,21.411523680477018,-0.03345531873430119,0.06897279177531447,False
Spain,2024-11-01,2024,21.383211897195483,21.348617104437306,0.03459479275817756,0.6461339569821897,False
Spain,2024-12-01,2024,21.598445378737306,21.380850521461415,0.21759485727589123,2.1982332578283117,True
Switzerland,2023-01-01,2023,21.930535910301252,21.299058961761975,0.6314769485392766,1.5297835150837418,False
Switzerland,2023-02-01,2023,21.64067469388569,21.756174089510196,-0.11549939562450717,-0.26532362263409764,False
Switzerland,2023-03-01,2023,21.43830047787013,21.63047212073189,-0.19217164286176214,-0.44957965611604295,False
Switzerland,2023-04-01,2023,21.038367141867592,21.560682374026815,-0.5223152321592224,-1.2429690562624462,False
Switzerland,2023-05-01,2023,21.684307997408794,21.113317805138195,0.5709901922705996,1.384423881189507,False
Switzerland,2023-06-01,2023,21.59690908786336,21.469146798728136,0.12776228913522303,0.31927425661241166,False
Switzerland,2023-07-01,2023,21.286002636312034,21.60170751979417,-0.31570488348213743,-0.746450371923381,False
Switzerland,2023-08-01,2023,21.66980820750036,21.45243357488356,0.21737463261679935,0.5346274718356891,False
Switzerland,2023-09-01,2023,21.403271346274277,21.534841693166566,-0.13157034689228908,-0.3039447644629014,False
Switzerland,2023-10-01,2023,22.223088515231254,21.489902626658907,0.733185888572347,1.7742068434121256,False
Switzerland,2023-11-01,2023,21.083154890097788,22.022621315840627,-0.9394664257428396,-2.2454520544995056,True
Switzerland,2023-12-01,2023,20.97781647903399,21.38843122148227,-0.41061474244828133,-0.9745343890426192,False
Switzerland,2024-01-01,2024,21.697213209924698,21.027929519709204,0.6692836902154937,1.6206393398593,False
Switzerland,2024-02-01,2024,21.90494873379785,21.286455332133837,0.6184934016640113,1.4985819143225099,False
Switzerland,2024-03-01,2024,21.586132995631083,21.83493991348758,-0.24880691785649844,-0.5856835463985071,False
Switzerland,2024-04-01,2024,21.292653288572712,21.59556306521372,-0.30290977664100893,-0.7157016235890751,False
Switzerland,2024-05-01,2024,21.601596350509766,21.489607113756357,0.11198923675340922,0.2813690148528639,False
Switzerland,2024-06-01,2024,21.301152518327914,21.534737144727888,-0.23358462639997413,-0.5491018738200826,False
Switzerland,2024-07-01,2024,21.298147943375593,21.412023871530096,-0.11387592815450276,-0.2614221630148909,False
Switzerland,2024-08-01,2024,21.402326237069342,21.438279178796762,-0.035952941727419585,-0.07416039733723931,False
Switzerland,2024-09-01,2024,21.442973272283876,21.37689156661893,0.06608170566494564,0.1710456594002107,False
Switzerland,2024-10-01,2024,21.380947027389933,21.426140247215127,-0.045193219825193864,-0.0963663069318482,False
Switzerland,2024-11-01,2024,21.35851943749797,21.315993653596024,0.04252578390194728,0.11443690114077944,False
Switzerland,2024-12-01,2024,20.895283796020806,21.199024705100108,-0.30374090907930196,-0.7176989716765019,False
Taiwan Province Of China,2023-01-01,2023,21.812517908813135,22.049306779326926,-0.2367888705137915,-1.8425389377485701,False
Taiwan Province Of China,2023-02-01,2023,21.864604573032583,21.960432637087347,-0.09582806405476418,-0.6477443231082792,False
Taiwan Province Of China,2023-03-01,2023,22.058560044393023,21.990532654137247,0.06802739025577509,0.7411070839427689,False
Taiwan Province Of China,2023-04-01,2023,21.88254003301035,21.940056318504492,-0.05751628549414178,-0.32301074750385617,False
Taiwan Province Of China,2023-05-01,2023,21.952182150970774,22.004916530642944,-0.052734379672170206,-0.28247894673362295,False
Taiwan Province Of China,2023-06-01,2023,21.899110501232414,21.90417282980854,-0.005062328576126873,0.12159301730529783,False
Taiwan Province Of China,2023-07-01,2023,21.967773145063102,21.993945260826074,-0.026172115762971515,-0.05733515911923024,False
Taiwan Province Of China,2023-08-01,2023,22.000420953663802,21.927819515546783,0.0726014381170188,0.7798770646842557,False
Taiwan Province Of China,2023-09-01,2023,21.778510776370112,22.029925628551737,-0.2514148521816253,-1.9665098809457124,False
Taiwan Province Of China,2023-10-01,2023,21.881555306750744,22.011357743512107,-0.12980243676136283,-0.9357137137872764,False
Taiwan Province Of China,2023-11-01,2023,21.867122913628556,21.864860729025587,0.0022621846029693415,0.1836761531859776,False
Taiwan Province Of China,2023-12-01,2023,22.098048492912444,21.90566804685636,0.1923804460560845,1.7951331293134698,False
Taiwan Province Of China,2024-01-01,2024,21.86044724832372,21.87653897297362,-0.016091724649900385,0.02810700965032791,False
Taiwan Province Of China,2024-02-01,2024,21.856010443661596,21.955686576944004,-0.09967613328240787,-0.6803608532307008,False
Taiwan Province Of China,2024-03-01,2024,21.947771953024198,21.96573357567979,-0.01796162265559076,0.0122576106347592,False
Taiwan Province Of China,2024-04-01,2024,22.09511005684497,21.84887910236605,0.2462309544789214,2.2515741718663067,True
Taiwan Province Of China,2024-05-01,2024,22.012578933777732,22.0076651309942,0.004913802783530485,0.20615147240272466,False
Taiwan Province Of China,2024-06-01,2024,22.088284364644675,22.01395076564615,0.07433359899852476,0.7945589932635694,False
Taiwan Province Of China,2024-07-01,2024,22.088572690781998,22.098167996288748,-0.009595305506749696,0.08317115692405014,False
Taiwan Province Of China,2024-08-01,2024,22.035974463369012,22.089444747940238,-0.053470284571226046,-0.28871653314055723,False
Taiwan Province Of China,2024-09-01,2024,21.870654445878603,22.036447545190775,-0.16579309931217168,-1.2407733319410752,False
Taiwan Province Of China,2024-10-01,2024,21.936157410149352,21.997827241328967,-0.06166983117961422,-0.3582165195289145,False
Taiwan Province Of China,2024-11-01,2024,22.024029206129434,21.886246692487113,0.1377825136423212,1.332356863646884,False
Taiwan Province Of China,2024-12-01,2024,22.00576714773703,21.99050849436695,0.015258653370079145,0.2938352199674027,False
Thailand,2023-01-01,2023,20.837227611988382,20.877288741241184,-0.04006112925280192,-0.22517876777554952,False
Thailand,2023-02-01,2023,21.109018368623694,20.876887756970014,0.23213061165368032,1.3089690301111083,False
Thailand,2023-03-01,2023,21.11733069713282,21.00572175410513,0.11160894302769009,0.6296756323598723,False
Thailand,2023-04-01,2023,20.865508739193928,21.135688471630168,-0.27017973243624027,-1.5221907459895367,False
Thailand,2023-05-01,2023,20.97798272772574,20.990252242182326,-0.012269514456587416,-0.06853755413205592,False
Thailand,2023-06-01,2023,20.767759367601467,20.965578345781662,-0.19781897818019445,-1.1143455577937968,False
Thailand,2023-07-01,2023,20.89754628383111,20.78254362766642,0.11500265616469107,0.6488035365293743,False
Thailand,2023-08-01,2023,21.089001428562828,20.90359592548958,0.1854055030732482,1.045613418379622,False
Thailand,2023-09-01,2023,21.106897008004967,20.9438203638368,0.16307664416816792,0.9197618050850062,False
Thailand,2023-10-01,2023,20.93259039305429,21.23255262351741,-0.29996223046311954,-1.6900531271600172,False
Thailand,2023-11-01,2023,21.030966188439862,21.06831352719987,-0.037347338760007176,-0.20988309534044347,False
Thailand,2023-12-01,2023,20.96042342019366,20.979762218409284,-0.019338798215624564,-0.10838198907135453,False
Thailand,2024-01-01,2024,21.00593899043241,20.861281509370613,0.14465748106179532,0.8159463166927068,False
Thailand,2024-02-01,2024,21.22861108303857,20.921193888318722,0.3074171947198465,1.7333049972375054,False
Thailand,2024-03-01,2024,21.351697418291387,21.06107381575289,0.2906236025384956,1.6386516753629161,False
Thailand,2024-04-01,2024,21.084184916586306,21.206214434731574,-0.12202951814526841,-0.687175237238227,False
Thailand,2024-05-01,2024,21.013571939118922,21.32402341900583,-0.3104514798869076,-1.7491734327629602,False
Thailand,2024-06-01,2024,21.123838205099727,21.140960265227168,-0.01712206012744133,-0.09588784121384766,False
Thailand,2024-07-01,2024,21.19161618903231,21.054960173890034,0.13665601514227532,0.7708478457419873,False
Thailand,2024-08-01,2024,21.08703391363451,21.24225918309981,-0.15522526946530135,-0.8742756562928921,False
Thailand,2024-09-01,2024,21.034023561265556,21.15946707549628,-0.12544351423072442,-0.7064174617048963,False
Thailand,2024-10-01,2024,21.026462080868924,21.114509423281536,-0.08804734241261158,-0.49564231307957435,False
Thailand,2024-11-01,2024,21.093699948209554,21.08334627000552,0.010353678204033656,0.0589730054678473,False
Thailand,2024-12-01,2024,21.149487222057452,21.153749131830544,-0.004261909773092043,-0.023404483412793876,False
"Tã¼Rkiye, Republic Of",2023-01-01,2023,20.847475741301068,21.006370264021044,-0.15889452271997584,-1.2892659359762095,False
"Tã¼Rkiye, Republic Of",2023-02-01,2023,20.79853121162278,20.86760952177229,-0.06907831014951071,-0.7134738812937518,False
"Tã¼Rkiye, Republic Of",2023-03-01,2023,21.11089454534539,20.82944531504688,0.28144923029850943,1.533681358958756,False
"Tã¼Rkiye, Republic Of",2023-04-01,2023,20.98987632956719,20.785763552248074,0.20411277731911426,1.0378943079525298,False
"Tã¼Rkiye, Republic Of",2023-05-01,2023,20.9257244773547,20.980647618075277,-0.0549231407205788,-0.6227281923295394,False
"Tã¼Rkiye, Republic Of",2023-06-01,2023,20.75187251227254,20.843295652718297,-0.09142314044575528,-0.8567216912335387,False
"Tã¼Rkiye, Republic Of",2023-07-01,2023,20.839575443639276,20.803702173745005,0.035873269894270976,-0.040652302804578246,False
"Tã¼Rkiye, Republic Of",2023-08-01,2023,20.9581115935862,20.786888098270115,0.1712234953160845,0.827048329040894,False
"Tã¼Rkiye, Republic Of",2023-09-01,2023,20.66181286526794,20.81955676288284,-0.1577438976148997,-1.2818895305983806,False
"Tã¼Rkiye, Republic Of",2023-10-01,2023,20.852269012528634,20.79187517951827,0.060393833010362385,0.11654365340998969,False
"Tã¼Rkiye, Republic Of",2023-11-01,2023,20.854439400199645,20.854605219166196,-0.00016581896655054607,-0.2716910031703494,False
"Tã¼Rkiye, Republic Of",2023-12-01,2023,21.25704430439187,20.917955511512226,0.3390887928796431,1.9031959623890795,False
"Tã¼Rkiye, Republic Of",2024-01-01,2024,21.027889985244897,20.982921864216667,0.04496812102823,0.017652794589111925,False
"Tã¼Rkiye, Republic Of",2024-02-01,2024,21.155956534266437,20.945576509678645,0.21038002458779204,1.0780722566631131,False
"Tã¼Rkiye, Republic Of",2024-03-01,2024,21.04706229280484,21.118327384199926,-0.07126509139508741,-0.7274928566045157,False
"Tã¼Rkiye, Republic Of",2024-04-01,2024,20.870961105368547,20.94591283590168,-0.07495173053313309,-0.7511270921552822,False
"Tã¼Rkiye, Republic Of",2024-05-01,2024,20.839936448755424,20.944097130877417,-0.10416068212199292,-0.9383792793622999,False
"Tã¼Rkiye, Republic Of",2024-06-01,2024,20.73061713978507,20.866573810125185,-0.13595667034011427,-1.1422163914249792,False
"Tã¼Rkiye, Republic Of",2024-07-01,2024,20.794076462250725,20.75298474595214,0.04109171629858466,-0.007197986580403284,False
"Tã¼Rkiye, Republic Of",2024-08-01,2024,20.855408886518568,20.807550159049445,0.0478587274691229,0.03618383897683062,False
"Tã¼Rkiye, Republic Of",2024-09-01,2024,20.745714496683522,20.901310995604142,-0.15559649892061955,-1.2681230281929052,False
"Tã¼Rkiye, Republic Of",2024-10-01,2024,21.000592479280897,20.866537169996928,0.13405530928396914,0.5887712341627137,False
"Tã¼Rkiye, Republic Of",2024-11-01,2024,21.11274863902937,20.85387699291334,0.258871646116031,1.388941414864628,False
"Tã¼Rkiye, Republic Of",2024-12-01,2024,21.295560863107106,21.037620054324986,0.25794080878212,1.382974020719086,False
United Arab Emirates,2023-01-01,2023,21.330972095070813,21.225234299135778,0.10573779593503474,0.987912523274201,False
United Arab Emirates,2023-02-01,2023,21.52112966202364,21.320379234429005,0.20075042759463457,2.0196349061674854,True
United Arab Emirates,2023-03-01,2023,21.487043881950083,21.491286112112306,-0.004242230162223137,-0.206337679185736,False
United Arab Emirates,2023-04-01,2023,21.356627322973253,21.40481149094471,-0.048184167971456304,-0.6834940319106522,False
United Arab Emirates,2023-05-01,2023,21.284498247157877,21.44661331135269,-0.16211506419481125,-1.9206459103877582,False
United Arab Emirates,2023-06-01,2023,21.46938610864503,21.405179358151422,0.06420675049360725,0.5369355487557864,False
United Arab Emirates,2023-07-01,2023,21.43222161604275,21.51548175730364,-0.08326014126089021,-1.064376722057879,False
United Arab Emirates,2023-08-01,2023,21.387076533140362,21.446501138296796,-0.05942460515643333,-0.8055515987276118,False
United Arab Emirates,2023-09-01,2023,21.38033578990125,21.42468201452033,-0.04434622461907978,-0.6418186042147889,False
United Arab Emirates,2023-10-01,2023,21.55784257993429,21.46886921831118,0.0889733616231112,0.8058710219070706,False
United Arab Emirates,2023-11-01,2023,21.588148835464075,21.463878124818464,0.1242707106456109,1.189157585043014,False
United Arab Emirates,2023-12-01,2023,21.54076859284775,21.578986685765102,-0.03821809291735079,-0.5752744981148407,False
United Arab Emirates,2024-01-01,2024,21.36654176995181,21.393128709105415,-0.026586939153606437,-0.44897422132721143,False
United Arab Emirates,2024-02-01,2024,21.7169675324301,21.48933540281344,0.22763212961666213,2.311537710899358,True
United Arab Emirates,2024-03-01,2024,21.464574415948803,21.574556057969264,-0.10998164202046112,-1.354539934639137,False
United Arab Emirates,2024-04-01,2024,21.515940267050638,21.45961351186681,0.05632675518382868,0.4513683205232316,False
United Arab Emirates,2024-05-01,2024,21.503504267431058,21.52446442354716,-0.020960156116100137,-0.3878741559771853,False
United Arab Emirates,2024-06-01,2024,21.496642199484786,21.5197375479577,-0.023095348472914168,-0.411059765172814,False
United Arab Emirates,2024-07-01,2024,21.487528534120653,21.503618680693315,-0.016090146572661723,-0.3349917364177471,False
United Arab Emirates,2024-08-01,2024,21.605395422763525,21.527958003749458,0.07743741901406764,0.680604623222701,False
United Arab Emirates,2024-09-01,2024,21.488593998168266,21.52372025857245,-0.03512626040418354,-0.5417009326607198,False
United Arab Emirates,2024-10-01,2024,21.57660391316001,21.537128485646797,0.039475427513213646,0.268383262267708,False
United Arab Emirates,2024-11-01,2024,21.57516750595355,21.5635009864993,0.011666519454252011,-0.03358787974889452,False
United Arab Emirates,2024-12-01,2024,21.583050381199552,21.55366457471293,0.029385806486622812,0.1588221684824195,False
United Kingdom,2023-01-01,2023,22.681798837960713,22.51872680006926,0.1630720378914532,1.1049015502048227,False
United Kingdom,2023-02-01,2023,22.55891066731232,22.632606621257487,-0.07369595394516892,-1.0832232280997631,False
United Kingdom,2023-03-01,2023,22.67728764436384,22.643329419899118,0.03395822446472252,-0.08832196024067304,False
United Kingdom,2023-04-01,2023,22.617693696913694,22.620348185097342,-0.002654488183647885,-0.4266835061802348,False
United Kingdom,2023-05-01,2023,22.557023762472102,22.601559454695447,-0.04453569222334508,-0.8137345581135009,False
United Kingdom,2023-06-01,2023,22.375117867031832,22.58616698074551,-0.21104911371367763,-2.352591819422231,True
United Kingdom,2023-07-01,2023,22.43069131487777,22.39776991561182,0.03292139926594828,-0.09790392649637357,False
United Kingdom,2023-08-01,2023,22.44246113948321,22.500751009344654,-0.05828986986144358,-0.9408457299474594,False
United Kingdom,2023-09-01,2023,22.546702288568564,22.46454020393035,0.08216208463821317,0.35716080977972114,False
United Kingdom,2023-10-01,2023,22.51020290138261,22.518031655428235,-0.007828754045625885,-0.47450221365967366,False
United Kingdom,2023-11-01,2023,22.497853152766307,22.53121331162431,-0.033360158858002364,-0.7104542908873898,False
United Kingdom,2023-12-01,2023,22.715175309054306,22.53308567279397,0.18208963626033636,1.280655366808177,False
United Kingdom,2024-01-01,2024,22.618563872339852,22.573389156973846,0.04517471536600581,0.01533682182840606,False
United Kingdom,2024-02-01,2024,22.56952498649979,22.582901576221712,-0.013376589721922016,-0.5257733192474692,False
United Kingdom,2024-03-01,2024,22.61542289827523,22.589300785825916,0.026122112449314727,-0.16074049423878065,False
United Kingdom,2024-04-01,2024,22.64289706853408,22.51433372963956,0.12856333889451932,0.7859845430683615,False
United Kingdom,2024-05-01,2024,22.439306744101447,22.554827776254335,-0.11552103215288767,-1.4697555852436603,False
United Kingdom,2024-06-01,2024,22.64128693278021,22.43883621911957,0.20245071366064238,1.468825134296554,False
United Kingdom,2024-07-01,2024,22.471450482344068,22.436658484374373,0.03479199796969468,-0.08061652484135465,False
United Kingdom,2024-08-01,2024,22.573104495359544,22.47292518532191,0.10017931003763536,0.5236695385439465,False
United Kingdom,2024-09-01,2024,22.687464714850478,22.555311192079948,0.13215352277052972,0.8191637335359172,False
United Kingdom,2024-10-01,2024,22.75707555153035,22.57579927444922,0.18127627708112826,1.273138593278608,False
United Kingdom,2024-11-01,2024,22.577806214239722,22.548915612353625,0.028890601886097045,-0.13515510878145082,False
United Kingdom,2024-12-01,2024,22.732197744623882,22.50132772317322,0.23087002145066293,1.7314661740555017,False
Vietnam,2023-01-01,2023,20.516158507842853,20.533564075352725,-0.0174055675098721,-0.23691471873328582,False
Vietnam,2023-02-01,2023,20.514328666690528,20.403605401985452,0.11072326470507576,0.35973420312751864,False
Vietnam,2023-03-01,2023,20.6249258904307,20.64718040374128,-0.022254513310581814,-0.25949447876185966,False
Vietnam,2023-04-01,2023,20.50465489034185,20.636211392165293,-0.13155650182344303,-0.7684737028449816,False
Vietnam,2023-05-01,2023,20.553585663309835,20.571967060957647,-0.018381397647811326,-0.24145880135431508,False
Vietnam,2023-06-01,2023,20.402939693582645,20.56881872116614,-0.16587902758349315,-0.9283011018485021,False
Vietnam,2023-07-01,2023,20.383871246806674,20.604893621353796,-0.2210223745471218,-1.185083419652277,False
Vietnam,2023-08-01,2023,20.463135653260984,20.494864944066794,-0.031729290805809995,-0.30361503835546694,False
Vietnam,2023-09-01,2023,20.49970903400551,20.482616758068666,0.017092275936843038,-0.0762709296407936,False
Vietnam,2023-10-01,2023,20.53563911059297,20.509011206386255,0.026627904206716124,-0.03186701033447651,False
Vietnam,2023-11-01,2023,20.69087624478711,20.498589069343847,0.19228717544326202,0.7395473846216705,False
Vietnam,2023-12-01,2023,20.535100834429887,20.62824237566293,-0.09314154123304164,-0.5895893376059582,False
Vietnam,2024-01-01,2024,20.489093797301084,20.445273826941428,0.04381997035965668,0.04819012869808331,False
Vietnam,2024-02-01,2024,20.578084754570234,20.50342989089856,0.07465486367167529,0.1917769040730837,False
Vietnam,2024-03-01,2024,20.71446328693073,20.71148872384762,0.002974563083110837,-0.14201193428203507,False
Vietnam,2024-04-01,2024,20.524783880668362,20.619713437041703,-0.09492955637334077,-0.5979154675432122,False
Vietnam,2024-05-01,2024,20.626785449315907,20.574068778694144,0.05271667062176277,0.08961879489086758,False
Vietnam,2024-06-01,2024,20.684702236167496,20.63837394782212,0.04632828834537506,0.059870444486431994,False
Vietnam,2024-07-01,2024,21.389714571238475,20.58133874231481,0.8083758289236656,3.608446012005505,True
Vietnam,2024-08-01,2024,20.658412289126478,21.02532686526086,-0.3669145761343806,-1.8644498298518857,False
Vietnam,2024-09-01,2024,20.762094582905974,20.774202440529447,-0.012107857623472995,-0.2122452291468304,False
Vietnam,2024-10-01,2024,20.895235067848017,20.6797225875075,0.21551248034051795,0.8476991010408854,False
Vietnam,2024-11-01,2024,20.925744160935988,20.760483020764337,0.16526114017165128,0.6136970625027007,False
Vietnam,2024-12-01,2024,21.038395342033798,20.81613724423481,0.22225809779898853,0.8791109645091326,False
